,ĞŞÊÎÎ»µãÊı
Unigene045172_01.p1,2
Unigene012358_01.p1,2
Unigene031639_01.p1,2
Unigene006284_03.p1,2
Unigene006443_01.p1,2
Unigene001723_01.p1,2
Unigene050204_01.p1,2
Unigene037124_01.p1,3
Unigene050011_01.p1,3
Unigene048778_01.p1,3
Unigene043075_01.p1,3
Unigene021736_01.p1,3
Unigene019276_01.p1,3
Unigene039866_01.p1,3
Unigene008103_01.p1,3
Unigene049498_01.p1,3
Unigene000258_02.p1,3
Unigene026861_01.p1,3
Unigene050414_02.p1,3
Unigene012413_01.p1,3
Unigene036545_02.p1,3
Unigene025472_01.p2,3
Unigene050068_01.p1,3
Unigene001500_02.p1,3
Unigene040428_01.p1,3
Unigene034648_01.p1,3
Unigene049111_01.p1,3
Unigene005952_02.p1,3
Unigene022697_01.p1,3
Unigene002968_01.p1,3
Unigene037621_01.p1,3
Unigene030517_01.p1,3
Unigene008961_01.p1,3
Unigene038665_01.p1,3
Unigene005722_02.p1,3
Unigene045907_01.p1,3
Unigene037703_01.p1,3
Unigene049627_01.p1,3
Unigene037303_01.p1,3
Unigene036805_01.p1,3
Unigene048748_01.p1,3
Unigene034500_01.p1,3
Unigene032177_01.p1,3
Unigene018856_01.p1,3
Unigene013133_01.p1,3
Unigene041157_01.p1,3
Unigene018825_01.p1,3
Unigene006771_01.p1,3
Unigene043850_01.p1,3
Unigene043644_01.p1,3
Unigene013443_01.p1,3
Unigene047558_01.p1,3
Unigene005773_01.p1,3
Unigene032346_01.p1,3
Unigene006560_02.p1,3
Unigene049539_01.p1,3
Unigene042718_01.p1,3
Unigene039597_01.p1,3
Unigene007135_01.p1,3
Unigene028542_01.p1,3
Unigene015343_01.p1,3
Unigene036631_01.p1,3
Unigene044047_01.p1,3
Unigene032964_01.p1,3
Unigene016082_01.p1,3
Unigene046534_01.p1,3
Unigene048345_01.p1,3
Unigene001179_01.p1,3
Unigene042978_01.p1,3
Unigene000139_01.p1,3
Unigene043363_01.p1,3
Unigene004729_01.p1,3
Unigene000615_02.p1,3
Unigene013018_01.p1,3
Unigene048491_01.p1,3
Unigene006727_02.p1,3
Unigene048664_01.p1,3
Unigene045206_01.p1,3
Unigene021023_01.p1,3
Unigene017427_01.p1,3
Unigene046468_01.p1,3
Unigene028270_01.p1,3
Unigene017822_02.p1,3
Unigene016947_01.p1,3
Unigene039357_01.p1,3
Unigene015217_01.p1,3
Unigene011555_01.p1,3
Unigene047625_01.p1,3
Unigene039643_01.p1,3
Unigene005749_01.p1,3
Unigene005912_02.p1,3
Unigene019903_01.p1,3
Unigene030524_01.p1,3
Unigene029340_01.p1,3
Unigene034716_01.p1,3
Unigene002144_01.p1,3
Unigene012222_01.p1,3
Unigene026881_01.p1,3
Unigene001590_02.p1,3
Unigene010054_01.p1,3
Unigene032785_01.p1,3
Unigene004778_01.p1,3
Unigene023810_01.p1,3
Unigene001210_01.p1,3
Unigene002188_01.p1,3
Unigene047284_01.p1,3
Unigene028528_01.p1,3
Unigene016498_01.p1,3
Unigene042542_01.p1,3
Unigene034410_01.p1,3
Unigene002461_01.p1,3
Unigene002842_03.p1,3
Unigene007726_02.p1,3
Unigene008507_01.p1,3
Unigene029405_02.p1,3
Unigene027702_02.p1,3
Unigene019449_01.p1,3
Unigene000946_01.p1,3
Unigene002222_01.p1,3
Unigene030968_01.p1,3
Unigene046286_01.p1,3
Unigene031750_01.p1,3
Unigene039415_01.p1,3
Unigene019177_01.p1,3
Unigene017555_01.p1,3
Unigene018474_01.p1,3
Unigene037567_01.p1,3
Unigene039924_01.p1,3
Unigene035872_01.p1,3
Unigene033638_01.p1,3
Unigene018926_01.p1,3
Unigene050378_01.p1,3
Unigene029997_01.p1,3
Unigene049459_01.p1,3
Unigene029249_01.p1,3
Unigene019764_01.p1,3
Unigene008821_01.p1,3
Unigene036739_01.p1,3
Unigene018318_01.p1,3
Unigene045147_01.p1,3
Unigene048597_01.p1,3
Unigene038137_01.p1,3
Unigene050200_01.p1,3
Unigene038435_01.p1,3
Unigene026262_01.p1,3
Unigene012445_01.p1,3
Unigene002975_01.p1,3
Unigene001847_01.p1,3
Unigene000228_02.p1,3
Unigene013345_01.p1,3
Unigene044918_01.p1,3
Unigene049509_01.p1,3
Unigene034729_01.p1,3
Unigene009956_01.p1,3
Unigene025475_01.p1,3
Unigene040129_01.p1,3
Unigene030312_01.p1,3
Unigene007190_01.p1,3
Unigene000564_01.p1,3
Unigene045123_01.p1,3
Unigene016996_01.p1,3
Unigene018821_01.p1,3
Unigene000987_01.p1,3
Unigene018285_01.p1,3
Unigene016445_01.p1,3
Unigene002354_01.p1,3
Unigene044535_02.p1,3
Unigene007548_01.p1,3
Unigene014146_01.p1,3
Unigene045196_01.p1,3
Unigene005343_02.p1,3
Unigene013214_01.p1,3
Unigene019084_01.p1,3
Unigene023219_01.p1,3
Unigene016198_01.p1,3
Unigene026246_01.p1,3
Unigene035932_01.p1,3
Unigene013042_01.p1,3
Unigene010620_02.p1,3
Unigene017694_01.p1,3
Unigene049917_01.p1,3
Unigene048900_01.p1,3
Unigene011139_01.p1,3
Unigene032826_01.p1,3
Unigene009367_01.p1,3
Unigene026829_01.p1,3
Unigene021868_01.p1,3
Unigene015630_01.p1,3
Unigene001662_02.p1,3
Unigene050141_01.p1,3
Unigene027365_01.p1,3
Unigene034304_01.p1,3
Unigene022642_01.p1,3
Unigene005186_01.p1,3
Unigene001134_01.p1,3
Unigene027085_01.p1,3
Unigene001744_01.p1,3
Unigene035734_02.p1,3
Unigene034589_01.p1,3
Unigene017027_01.p1,3
Unigene046027_01.p1,3
Unigene006757_01.p1,3
Unigene002842_04.p1,3
Unigene019644_01.p1,3
Unigene029172_01.p1,3
Unigene000401_01.p1,3
Unigene011967_02.p1,3
Unigene018913_01.p1,3
Unigene025529_01.p1,3
Unigene041442_01.p1,3
Unigene045704_01.p1,3
Unigene010225_01.p1,3
Unigene044532_01.p1,3
Unigene046941_01.p1,3
Unigene033039_01.p1,3
Unigene015364_01.p1,3
Unigene019044_01.p1,3
Unigene026590_01.p1,3
Unigene037834_01.p1,3
Unigene000731_01.p1,3
Unigene003593_02.p1,3
Unigene019989_01.p1,3
Unigene009656_02.p1,3
Unigene025473_01.p1,3
Unigene008611_01.p1,3
Unigene006745_01.p1,3
Unigene047208_01.p1,3
Unigene040259_01.p1,3
Unigene001098_01.p1,3
Unigene023417_01.p1,3
Unigene030392_01.p1,3
Unigene041994_01.p1,3
Unigene007112_02.p1,3
Unigene028140_01.p1,3
Unigene000061_01.p1,3
Unigene005365_01.p1,3
Unigene011660_01.p1,3
Unigene009964_01.p1,3
Unigene049705_01.p1,3
Unigene001737_01.p1,3
Unigene015700_01.p1,3
Unigene050340_01.p1,3
Unigene048039_01.p1,3
Unigene043531_01.p1,3
Unigene048590_01.p1,3
Unigene022199_01.p1,3
Unigene004239_03.p1,3
Unigene023805_01.p1,3
Unigene004082_01.p1,3
Unigene005614_02.p1,3
Unigene040810_01.p1,3
Unigene023645_01.p1,3
Unigene033593_01.p1,3
Unigene010187_01.p1,3
Unigene033829_01.p1,3
Unigene048159_01.p1,3
Unigene028800_01.p1,3
Unigene030420_02.p1,3
Unigene019014_01.p1,3
Unigene032819_01.p1,3
Unigene003826_01.p1,3
Unigene044368_01.p1,3
Unigene005677_02.p1,3
Unigene004385_01.p1,3
Unigene038969_01.p1,3
Unigene012671_01.p1,3
Unigene002892_01.p1,3
Unigene010743_01.p1,3
Unigene049755_01.p1,3
Unigene011331_01.p1,3
Unigene044547_01.p1,3
Unigene011738_01.p1,3
Unigene049749_01.p1,3
Unigene050205_01.p1,3
Unigene049991_01.p1,3
Unigene001755_02.p1,3
Unigene037224_01.p1,3
Unigene033474_01.p1,3
Unigene003312_01.p2,3
Unigene035514_01.p1,3
Unigene016321_01.p1,3
Unigene009015_03.p1,3
Unigene049502_01.p1,3
Unigene039126_01.p1,3
Unigene002731_01.p1,3
Unigene044305_01.p1,3
Unigene000044_01.p1,3
Unigene042966_01.p1,3
Unigene008102_01.p1,3
Unigene002998_01.p1,3
Unigene002185_02.p1,3
Unigene007169_01.p1,3
Unigene049528_01.p1,3
Unigene000304_01.p1,3
Unigene017267_01.p1,3
Unigene041129_02.p1,3
Unigene038848_01.p1,3
Unigene014950_01.p1,3
Unigene005623_03.p1,3
Unigene007613_02.p1,3
Unigene019535_01.p1,3
Unigene019100_01.p1,3
Unigene006250_03.p1,3
Unigene044880_01.p1,3
Unigene005666_01.p1,3
Unigene050367_01.p1,3
Unigene021162_01.p1,3
Unigene004331_01.p1,3
Unigene013654_01.p1,3
Unigene041769_01.p1,3
Unigene005419_02.p1,3
Unigene010102_03.p1,3
Unigene044569_01.p1,3
Unigene007613_03.p1,3
Unigene008116_01.p1,3
Unigene037604_01.p1,3
Unigene043898_01.p1,3
Unigene011298_01.p1,3
Unigene001909_01.p2,3
Unigene011874_01.p1,3
Unigene025448_01.p1,3
Unigene046179_01.p1,3
Unigene043720_02.p1,3
Unigene000241_02.p1,3
Unigene007571_02.p1,3
Unigene005694_04.p1,3
Unigene048479_01.p1,3
Unigene000254_02.p1,3
Unigene042814_01.p1,3
Unigene020989_01.p1,3
Unigene048283_01.p1,3
Unigene037824_01.p1,3
Unigene000147_01.p1,3
Unigene039048_01.p1,3
Unigene031715_01.p1,3
Unigene020624_01.p1,3
Unigene008177_01.p1,3
Unigene033869_01.p1,3
Unigene015631_02.p1,3
Unigene000089_02.p1,3
Unigene043774_01.p1,3
Unigene007423_01.p1,3
Unigene004794_01.p1,3
Unigene045186_01.p1,3
Unigene012102_01.p1,3
Unigene008138_02.p1,3
Unigene042932_01.p1,3
Unigene002543_01.p1,3
Unigene001899_01.p1,3
Unigene009707_01.p1,3
Unigene028791_01.p1,3
Unigene034924_02.p1,3
Unigene043017_01.p1,3
Unigene006875_02.p1,3
Unigene001066_01.p1,3
Unigene048925_01.p1,3
Unigene040148_01.p1,3
Unigene029332_01.p1,3
Unigene000941_01.p1,3
Unigene005400_01.p1,3
Unigene026820_01.p1,3
Unigene010530_03.p1,3
Unigene005967_01.p1,3
Unigene038814_01.p1,3
Unigene019333_01.p1,3
Unigene009136_02.p1,3
Unigene039083_01.p1,3
Unigene039672_01.p1,3
Unigene009202_02.p1,3
Unigene007572_02.p1,3
Unigene014866_01.p1,3
Unigene047323_01.p1,3
Unigene014809_01.p1,3
Unigene020390_01.p1,3
Unigene035260_01.p1,3
Unigene021362_01.p1,3
Unigene018789_01.p1,3
Unigene037259_01.p2,3
Unigene045399_01.p1,3
Unigene011817_01.p1,3
Unigene041416_01.p1,3
Unigene034054_02.p1,3
Unigene038391_01.p1,3
Unigene035385_01.p1,3
Unigene029501_01.p1,3
Unigene043068_01.p1,3
Unigene046251_01.p1,3
Unigene004508_01.p1,3
Unigene044081_01.p1,3
Unigene032885_01.p1,3
Unigene032093_01.p1,3
Unigene044145_01.p1,3
Unigene023595_01.p1,3
Unigene039262_01.p1,3
Unigene045697_01.p1,3
Unigene006115_01.p1,3
Unigene020635_01.p1,3
Unigene049172_01.p1,3
Unigene048659_01.p1,3
Unigene007426_02.p1,3
Unigene001136_01.p1,3
Unigene044717_01.p1,3
Unigene003831_01.p1,3
Unigene009267_04.p1,3
Unigene023345_01.p1,3
Unigene025106_01.p1,3
Unigene020656_01.p1,3
Unigene008559_01.p1,3
Unigene041583_02.p1,3
Unigene001255_02.p1,3
Unigene027224_01.p1,3
Unigene015953_01.p1,3
Unigene007560_02.p1,3
Unigene009172_01.p1,3
Unigene018973_01.p1,3
Unigene045153_01.p1,3
Unigene022542_01.p1,3
Unigene015692_01.p1,3
Unigene000038_01.p1,3
Unigene045820_01.p1,3
Unigene007785_01.p1,3
Unigene012723_01.p1,3
Unigene036451_01.p1,3
Unigene029735_01.p1,3
Unigene021532_01.p1,3
Unigene003294_01.p1,3
Unigene038179_01.p1,3
Unigene003532_01.p1,3
Unigene010487_01.p1,3
Unigene006696_02.p1,3
Unigene048904_01.p1,3
Unigene037858_02.p1,3
Unigene045845_01.p1,3
Unigene029680_01.p1,3
Unigene049490_01.p1,3
Unigene030568_01.p1,3
Unigene038821_01.p1,3
Unigene029043_01.p1,3
Unigene023655_01.p1,3
Unigene012822_01.p1,3
Unigene005143_01.p1,3
Unigene037541_01.p1,3
Unigene012874_01.p1,3
Unigene026691_01.p1,3
Unigene030017_01.p1,3
Unigene036227_01.p1,3
Unigene044636_01.p1,3
Unigene009804_01.p1,3
Unigene020085_01.p1,3
Unigene005528_01.p1,3
Unigene036228_01.p1,3
Unigene003864_01.p1,3
Unigene039291_01.p1,3
Unigene014948_01.p1,3
Unigene018151_01.p1,3
Unigene044029_02.p1,3
Unigene002932_01.p1,3
Unigene008538_01.p1,3
Unigene036774_01.p1,3
Unigene035698_03.p1,3
Unigene041676_01.p1,3
Unigene020318_02.p1,3
Unigene046735_01.p1,3
Unigene039990_01.p1,3
Unigene038074_01.p1,3
Unigene025273_01.p1,3
Unigene035643_01.p1,3
Unigene016411_01.p1,3
Unigene024988_01.p1,3
Unigene009395_02.p1,3
Unigene024716_01.p1,3
Unigene007474_01.p1,3
Unigene046028_01.p1,3
Unigene050420_01.p1,3
Unigene041851_01.p1,3
Unigene030011_01.p1,3
Unigene033056_01.p1,3
Unigene025789_01.p1,3
Unigene050308_01.p1,3
Unigene016704_01.p1,3
Unigene037319_01.p1,3
Unigene006471_01.p1,3
Unigene016457_01.p1,3
Unigene014708_01.p1,3
Unigene022485_01.p1,3
Unigene035727_01.p1,3
Unigene011351_01.p1,3
Unigene000877_01.p2,3
Unigene035528_02.p1,3
Unigene042899_01.p1,3
Unigene008587_01.p1,3
Unigene043920_01.p1,3
Unigene037622_01.p1,3
Unigene050089_01.p1,3
Unigene041571_02.p1,3
Unigene034215_01.p1,3
Unigene026509_01.p1,3
Unigene008106_01.p1,3
Unigene031046_01.p1,3
Unigene049591_01.p1,3
Unigene010866_01.p1,3
Unigene035499_01.p1,3
Unigene011140_01.p1,3
Unigene041441_01.p1,3
Unigene049441_01.p1,3
Unigene049742_01.p1,3
Unigene001286_01.p1,3
Unigene045638_01.p1,3
Unigene021804_01.p1,3
Unigene047290_01.p1,3
Unigene050213_01.p1,3
Unigene041220_01.p1,3
Unigene021829_01.p1,3
Unigene033932_01.p1,3
Unigene013066_01.p1,3
Unigene039901_01.p1,3
Unigene001716_03.p1,3
Unigene005326_02.p1,3
Unigene043308_01.p1,3
Unigene021501_01.p1,3
Unigene025692_01.p1,3
Unigene007905_04.p1,3
Unigene004095_01.p2,3
Unigene003199_01.p1,3
Unigene000195_01.p1,3
Unigene008658_02.p1,3
Unigene010081_01.p1,3
Unigene046246_01.p1,3
Unigene047745_01.p1,3
Unigene048501_01.p1,3
Unigene041914_01.p1,3
Unigene008793_01.p1,3
Unigene010537_01.p1,3
Unigene035581_01.p1,3
Unigene015856_01.p1,3
Unigene050418_02.p1,3
Unigene025827_01.p1,3
Unigene030222_01.p1,3
Unigene028456_01.p1,3
Unigene014646_01.p1,3
Unigene023948_01.p1,3
Unigene008388_01.p1,3
Unigene003900_02.p1,3
Unigene037147_01.p1,3
Unigene002671_02.p1,3
Unigene030181_01.p1,3
Unigene039289_01.p1,3
Unigene021605_01.p1,3
Unigene010213_01.p1,3
Unigene025845_01.p1,3
Unigene004330_01.p1,3
Unigene043775_01.p1,3
Unigene048079_01.p1,3
Unigene026986_01.p1,3
Unigene022404_02.p1,3
Unigene012855_01.p1,3
Unigene004313_01.p1,3
Unigene001882_01.p1,3
Unigene040465_01.p1,3
Unigene012998_01.p1,3
Unigene044930_01.p1,3
Unigene007686_01.p1,3
Unigene022535_01.p1,3
Unigene046181_01.p1,3
Unigene001499_02.p1,3
Unigene007029_01.p1,3
Unigene002458_02.p1,3
Unigene017576_01.p1,3
Unigene020897_01.p1,3
Unigene015103_01.p1,3
Unigene034954_01.p1,3
Unigene045360_01.p1,3
Unigene001649_02.p1,3
Unigene008880_01.p1,3
Unigene001330_01.p1,3
Unigene034101_01.p1,3
Unigene050110_01.p1,3
Unigene000381_02.p1,3
Unigene043129_01.p1,3
Unigene020621_01.p1,3
Unigene040506_01.p1,3
Unigene022835_02.p1,3
Unigene022493_01.p1,3
Unigene033380_01.p1,3
Unigene016223_01.p1,3
Unigene040822_01.p1,3
Unigene023192_01.p1,3
Unigene035587_01.p1,3
Unigene050422_01.p1,3
Unigene013121_01.p1,3
Unigene049194_01.p1,3
Unigene046678_01.p1,3
Unigene031380_01.p1,3
Unigene005633_01.p1,3
Unigene050382_01.p1,3
Unigene026303_01.p1,3
Unigene016570_01.p1,3
Unigene049187_02.p1,3
Unigene002018_02.p1,3
Unigene011406_01.p1,3
Unigene036246_01.p1,3
Unigene005739_01.p1,3
Unigene000504_01.p1,3
Unigene038012_01.p1,3
Unigene005729_01.p1,3
Unigene002408_02.p1,3
Unigene016528_01.p1,3
Unigene003987_02.p1,3
Unigene035337_01.p1,3
Unigene017609_02.p1,3
Unigene010973_01.p1,3
Unigene043706_01.p1,3
Unigene003695_02.p1,3
Unigene050186_01.p1,3
Unigene003593_01.p1,3
Unigene024231_01.p1,3
Unigene028305_01.p1,3
Unigene039222_01.p1,3
Unigene019655_01.p1,3
Unigene004387_03.p1,3
Unigene003357_02.p1,3
Unigene039607_01.p1,3
Unigene033036_01.p1,3
Unigene006137_01.p1,3
Unigene049631_01.p1,3
Unigene000511_01.p1,3
Unigene022081_01.p1,3
Unigene021776_01.p1,3
Unigene013476_01.p1,3
Unigene004410_01.p1,3
Unigene005034_01.p1,3
Unigene034778_01.p1,3
Unigene043313_01.p1,3
Unigene038250_01.p1,3
Unigene003766_02.p1,3
Unigene048643_01.p1,3
Unigene046694_01.p1,3
Unigene039403_01.p1,3
Unigene001285_02.p1,3
Unigene037709_01.p1,3
Unigene001033_01.p1,3
Unigene009825_01.p2,3
Unigene046283_01.p1,3
Unigene014164_01.p1,3
Unigene015296_02.p1,3
Unigene023756_01.p1,3
Unigene001496_02.p1,3
Unigene026337_01.p1,3
Unigene006373_02.p1,3
Unigene008778_01.p1,3
Unigene016853_01.p1,3
Unigene019171_01.p1,3
Unigene039552_01.p1,3
Unigene036091_01.p1,3
Unigene000249_01.p1,3
Unigene000103_02.p1,3
Unigene002316_02.p1,3
Unigene008427_03.p1,3
Unigene050418_01.p1,3
Unigene045417_01.p1,3
Unigene047731_01.p1,3
Unigene035318_01.p1,3
Unigene011418_01.p1,3
Unigene002181_01.p1,3
Unigene040514_01.p1,3
Unigene008282_01.p1,3
Unigene027245_01.p1,3
Unigene006750_02.p1,3
Unigene006627_01.p1,3
Unigene041141_01.p1,3
Unigene042348_01.p1,3
Unigene010509_01.p2,3
Unigene037576_01.p1,3
Unigene039122_01.p1,3
Unigene016154_01.p1,3
Unigene011969_01.p1,3
Unigene029837_01.p1,3
Unigene006330_02.p1,3
Unigene001298_01.p1,3
Unigene043666_01.p1,3
Unigene022923_01.p1,3
Unigene004903_01.p1,3
Unigene050320_01.p1,3
Unigene038094_01.p1,3
Unigene013922_01.p1,3
Unigene021417_01.p1,3
Unigene040237_01.p1,3
Unigene001543_02.p1,3
Unigene000509_01.p1,3
Unigene013580_01.p1,3
Unigene049789_01.p1,3
Unigene007845_01.p1,3
Unigene004377_01.p1,3
Unigene009886_01.p1,3
Unigene046364_01.p1,3
Unigene015602_01.p1,3
Unigene014952_01.p1,3
Unigene013292_01.p1,3
Unigene035040_01.p1,3
Unigene040715_01.p1,3
Unigene044773_02.p1,3
Unigene019414_01.p1,3
Unigene029786_01.p1,3
Unigene030662_01.p1,3
Unigene026044_02.p1,3
Unigene002276_01.p1,3
Unigene000106_01.p1,3
Unigene017385_01.p1,3
Unigene017111_01.p1,3
Unigene048199_01.p1,3
Unigene037911_01.p1,3
Unigene029691_01.p1,3
Unigene011025_01.p1,3
Unigene050409_01.p1,3
Unigene002361_02.p1,3
Unigene038889_01.p1,3
Unigene026567_02.p1,3
Unigene039785_01.p1,3
Unigene004134_04.p1,3
Unigene023610_01.p1,3
Unigene001906_01.p2,3
Unigene048760_01.p1,3
Unigene013562_01.p1,3
Unigene042949_01.p1,3
Unigene034894_02.p1,3
Unigene003826_02.p1,3
Unigene021789_01.p1,3
Unigene016443_02.p1,3
Unigene002118_01.p1,3
Unigene006443_03.p1,3
Unigene006226_01.p1,3
Unigene005947_01.p1,3
Unigene014662_02.p1,3
Unigene025119_01.p1,3
Unigene050324_01.p1,3
Unigene028505_01.p1,3
Unigene019676_01.p1,3
Unigene043056_01.p1,3
Unigene007108_02.p1,3
Unigene000028_01.p1,3
Unigene037498_01.p1,3
Unigene040047_01.p1,3
Unigene039869_01.p1,3
Unigene040368_01.p1,3
Unigene009894_01.p1,3
Unigene022383_01.p1,3
Unigene041895_01.p1,3
Unigene046807_01.p1,3
Unigene026940_01.p1,3
Unigene016571_01.p1,3
Unigene042840_01.p1,3
Unigene000080_02.p1,3
Unigene005841_02.p1,3
Unigene032204_02.p1,3
Unigene031977_01.p1,3
Unigene030927_01.p1,3
Unigene013539_01.p1,3
Unigene038674_01.p1,3
Unigene009450_01.p1,3
Unigene002515_01.p1,3
Unigene002868_02.p1,3
Unigene023791_01.p1,3
Unigene033920_01.p1,3
Unigene005538_02.p1,3
Unigene046175_01.p1,3
Unigene019540_01.p1,3
Unigene002518_02.p1,3
Unigene043682_01.p1,3
Unigene049113_01.p1,3
Unigene036041_01.p1,3
Unigene017529_01.p1,3
Unigene033468_01.p1,3
Unigene045125_01.p1,3
Unigene025224_01.p1,3
Unigene029191_01.p1,3
Unigene003468_01.p1,3
Unigene017584_01.p1,3
Unigene017873_01.p1,3
Unigene006991_01.p1,3
Unigene026730_01.p1,3
Unigene004079_02.p1,3
Unigene018654_01.p1,3
Unigene009168_01.p1,3
Unigene007276_03.p1,3
Unigene020105_01.p1,3
Unigene039347_01.p1,3
Unigene002041_01.p1,3
Unigene006176_02.p1,3
Unigene017009_01.p1,3
Unigene041573_01.p1,3
Unigene005775_01.p1,3
Unigene049197_01.p1,3
Unigene014619_01.p1,3
Unigene002136_01.p1,3
Unigene004153_01.p2,3
Unigene045533_01.p1,3
Unigene016256_01.p1,3
Unigene010945_01.p1,3
Unigene045716_01.p1,3
Unigene048261_01.p1,3
Unigene012604_01.p1,3
Unigene010002_01.p1,3
Unigene042530_01.p1,3
Unigene045051_02.p1,3
Unigene038217_01.p1,3
Unigene039490_01.p1,3
Unigene037422_01.p1,3
Unigene013965_02.p1,3
Unigene029399_01.p1,3
Unigene009844_01.p1,3
Unigene014462_02.p1,3
Unigene005170_01.p1,3
Unigene048813_01.p1,3
Unigene021063_01.p1,3
Unigene007713_01.p1,3
Unigene015756_01.p1,3
Unigene005211_01.p1,3
Unigene014042_01.p1,3
Unigene037196_01.p1,3
Unigene048363_01.p1,3
Unigene014355_02.p1,3
Unigene005967_03.p1,3
Unigene006861_02.p1,3
Unigene028198_01.p1,3
Unigene048018_01.p1,3
Unigene033452_01.p1,3
Unigene049136_01.p1,3
Unigene048148_01.p1,3
Unigene031671_01.p1,3
Unigene025587_01.p1,3
Unigene028721_02.p1,3
Unigene003433_01.p1,3
Unigene015548_01.p1,3
Unigene033729_01.p1,3
Unigene002088_01.p2,3
Unigene003544_01.p1,3
Unigene021068_01.p1,3
Unigene002282_02.p1,3
Unigene000791_01.p1,3
Unigene014861_01.p1,3
Unigene047283_01.p1,3
Unigene016479_01.p1,3
Unigene013006_01.p1,3
Unigene037852_01.p1,3
Unigene044009_01.p1,3
Unigene020813_01.p1,3
Unigene003828_01.p1,3
Unigene029204_01.p1,3
Unigene045693_01.p1,3
Unigene015917_01.p1,3
Unigene041124_01.p1,3
Unigene050398_01.p1,3
Unigene009965_02.p1,3
Unigene011381_01.p1,3
Unigene013408_01.p1,3
Unigene037502_01.p1,3
Unigene002759_02.p1,3
Unigene042943_01.p1,3
Unigene015357_01.p1,3
Unigene004406_01.p1,3
Unigene010874_02.p1,3
Unigene017929_01.p1,3
Unigene033981_01.p1,3
Unigene008966_01.p1,3
Unigene045386_01.p1,3
Unigene014668_01.p1,3
Unigene028816_01.p1,3
Unigene016151_01.p1,3
Unigene001000_01.p1,3
Unigene004556_02.p1,3
Unigene015307_01.p1,3
Unigene045561_01.p1,3
Unigene030403_01.p1,3
Unigene018580_01.p1,3
Unigene002904_02.p1,3
Unigene018272_01.p1,3
Unigene021986_01.p1,3
Unigene002931_01.p2,3
Unigene019077_01.p1,3
Unigene025092_01.p1,3
Unigene009627_01.p1,3
Unigene029234_01.p1,3
Unigene035371_01.p1,3
Unigene047270_01.p1,3
Unigene039035_01.p1,3
Unigene025423_01.p1,3
Unigene006362_01.p1,3
Unigene011012_02.p1,3
Unigene005913_02.p1,3
Unigene048145_01.p1,3
Unigene000192_02.p1,3
Unigene048771_01.p1,3
Unigene039945_01.p1,3
Unigene000159_01.p1,3
Unigene023555_01.p2,3
Unigene029440_01.p1,3
Unigene008134_01.p1,3
Unigene044883_01.p1,3
Unigene046299_02.p1,3
Unigene010846_02.p1,3
Unigene026058_01.p1,3
Unigene020205_01.p1,3
Unigene022353_01.p1,3
Unigene010934_01.p1,3
Unigene048563_01.p1,3
Unigene001500_03.p1,3
Unigene016262_01.p1,3
Unigene049558_01.p1,3
Unigene036326_01.p1,3
Unigene024112_01.p1,3
Unigene050121_01.p1,3
Unigene001255_01.p2,3
Unigene004804_02.p1,3
Unigene016248_01.p1,3
Unigene045008_01.p1,3
Unigene031374_01.p1,3
Unigene015962_01.p1,3
Unigene007082_01.p1,3
Unigene043328_01.p1,3
Unigene045046_01.p1,3
Unigene048870_01.p1,4
Unigene023844_01.p1,4
Unigene043974_01.p1,4
Unigene043591_01.p1,4
Unigene036112_01.p1,4
Unigene040204_01.p1,4
Unigene035558_01.p1,4
Unigene032067_01.p1,4
Unigene021415_01.p1,4
Unigene033839_01.p1,4
Unigene001729_02.p1,4
Unigene001911_01.p1,4
Unigene029706_02.p1,4
Unigene021938_01.p1,4
Unigene002330_03.p1,4
Unigene017865_02.p1,4
Unigene025866_01.p1,4
Unigene002542_02.p1,4
Unigene049739_01.p1,4
Unigene037493_01.p1,4
Unigene029073_01.p1,4
Unigene039010_01.p1,4
Unigene042116_01.p1,4
Unigene043860_01.p1,4
Unigene032416_01.p1,4
Unigene000732_01.p1,4
Unigene028673_01.p1,4
Unigene001604_03.p1,4
Unigene006392_02.p1,4
Unigene034517_01.p1,4
Unigene043562_01.p1,4
Unigene020576_01.p1,4
Unigene024090_01.p1,4
Unigene034957_01.p1,4
Unigene014891_01.p1,4
Unigene037058_01.p1,4
Unigene047719_01.p1,4
Unigene027338_01.p1,4
Unigene032949_01.p1,4
Unigene045839_01.p1,4
Unigene021957_01.p1,4
Unigene011068_01.p1,4
Unigene015976_01.p1,4
Unigene026915_01.p1,4
Unigene043400_01.p1,4
Unigene005407_01.p1,4
Unigene045472_01.p1,4
Unigene048540_01.p1,4
Unigene026062_01.p1,4
Unigene016939_01.p1,4
Unigene039791_01.p1,4
Unigene023088_01.p1,4
Unigene047772_01.p1,4
Unigene005812_03.p1,4
Unigene006296_02.p1,4
Unigene045398_01.p1,4
Unigene000657_01.p1,4
Unigene035850_01.p1,4
Unigene033193_01.p1,4
Unigene029127_01.p1,4
Unigene031226_01.p1,4
Unigene001886_01.p1,4
Unigene049199_01.p1,4
Unigene031257_01.p1,4
Unigene039663_01.p1,4
Unigene043314_01.p1,4
Unigene007648_01.p1,4
Unigene008036_01.p1,4
Unigene041735_01.p1,4
Unigene048182_01.p1,4
Unigene014130_01.p1,4
Unigene003746_01.p1,4
Unigene000248_01.p1,4
Unigene013816_01.p1,4
Unigene048822_01.p1,4
Unigene047698_01.p1,4
Unigene033543_01.p1,4
Unigene045161_01.p1,4
Unigene022450_01.p1,4
Unigene029033_01.p1,4
Unigene025261_01.p1,4
Unigene009788_01.p1,4
Unigene037033_01.p1,4
Unigene039002_01.p1,4
Unigene033344_01.p1,4
Unigene019587_01.p1,4
Unigene019526_01.p1,4
Unigene005898_02.p1,4
Unigene002510_02.p1,4
Unigene002300_01.p1,4
Unigene002383_02.p1,4
Unigene036442_01.p1,4
Unigene043588_01.p1,4
Unigene009988_01.p1,4
Unigene019004_01.p1,4
Unigene032461_01.p1,4
Unigene000494_01.p1,4
Unigene043615_01.p1,4
Unigene019092_01.p1,4
Unigene008052_01.p1,4
Unigene013240_01.p1,4
Unigene008844_02.p1,4
Unigene050088_01.p1,4
Unigene012619_01.p1,4
Unigene000078_03.p1,4
Unigene042661_01.p1,4
Unigene043781_01.p1,4
Unigene018419_01.p1,4
Unigene034606_01.p1,4
Unigene044651_01.p1,4
Unigene042706_01.p1,4
Unigene003846_03.p1,4
Unigene039729_01.p1,4
Unigene029164_01.p1,4
Unigene042505_01.p1,4
Unigene004548_02.p1,4
Unigene048721_01.p1,4
Unigene009858_01.p1,4
Unigene018747_01.p1,4
Unigene037155_01.p1,4
Unigene008014_02.p1,4
Unigene014005_01.p1,4
Unigene033622_01.p1,4
Unigene018497_01.p1,4
Unigene024096_01.p1,4
Unigene014864_01.p1,4
Unigene041480_01.p1,4
Unigene049849_01.p1,4
Unigene036880_01.p1,4
Unigene046466_01.p1,4
Unigene031150_01.p1,4
Unigene032028_01.p1,4
Unigene044142_01.p1,4
Unigene049367_01.p1,4
Unigene022240_02.p1,4
Unigene049493_01.p1,4
Unigene036853_01.p1,4
Unigene044084_01.p1,4
Unigene048405_01.p1,4
Unigene025365_01.p1,4
Unigene043048_01.p1,4
Unigene004348_01.p1,4
Unigene013795_01.p1,4
Unigene027225_01.p1,4
Unigene044641_01.p1,4
Unigene009907_01.p1,4
Unigene030077_01.p1,4
Unigene031308_01.p1,4
Unigene047243_01.p1,4
Unigene018816_01.p1,4
Unigene004753_01.p1,4
Unigene000170_01.p1,4
Unigene043019_01.p1,4
Unigene016517_01.p1,4
Unigene001804_01.p1,4
Unigene020578_01.p1,4
Unigene045580_01.p1,4
Unigene030202_01.p1,4
Unigene028600_01.p1,4
Unigene001118_02.p1,4
Unigene028985_01.p1,4
Unigene007127_01.p1,4
Unigene010685_02.p1,4
Unigene008838_01.p1,4
Unigene042425_01.p1,4
Unigene042686_01.p1,4
Unigene013092_01.p1,4
Unigene027348_01.p1,4
Unigene003889_02.p1,4
Unigene045903_01.p1,4
Unigene003979_03.p1,4
Unigene001701_02.p1,4
Unigene038273_01.p1,4
Unigene033036_02.p1,4
Unigene023392_01.p1,4
Unigene000089_03.p1,4
Unigene044230_01.p1,4
Unigene035888_01.p1,4
Unigene033268_02.p1,4
Unigene023969_01.p1,4
Unigene040275_01.p1,4
Unigene049408_01.p1,4
Unigene050052_01.p1,4
Unigene024804_01.p1,4
Unigene034223_01.p1,4
Unigene040493_01.p1,4
Unigene004380_02.p1,4
Unigene005561_01.p1,4
Unigene015992_01.p1,4
Unigene006830_01.p1,4
Unigene034482_01.p1,4
Unigene007657_02.p1,4
Unigene048977_01.p1,4
Unigene013291_01.p1,4
Unigene035665_01.p1,4
Unigene047268_01.p1,4
Unigene036714_01.p1,4
Unigene018397_01.p1,4
Unigene008427_02.p1,4
Unigene048688_01.p1,4
Unigene048858_01.p1,4
Unigene015791_01.p1,4
Unigene049908_01.p1,4
Unigene039630_01.p1,4
Unigene035606_01.p1,4
Unigene034426_01.p1,4
Unigene001781_02.p1,4
Unigene039485_01.p1,4
Unigene024790_01.p1,4
Unigene027926_02.p1,4
Unigene000916_02.p1,4
Unigene012182_01.p1,4
Unigene004218_02.p1,4
Unigene007856_01.p1,4
Unigene043872_01.p1,4
Unigene012798_01.p1,4
Unigene028160_01.p1,4
Unigene014337_01.p1,4
Unigene035095_01.p1,4
Unigene047792_01.p1,4
Unigene008605_01.p1,4
Unigene046311_01.p1,4
Unigene001398_01.p1,4
Unigene006007_01.p1,4
Unigene047241_01.p1,4
Unigene044674_01.p1,4
Unigene022617_01.p1,4
Unigene018131_01.p1,4
Unigene046431_01.p1,4
Unigene047234_01.p1,4
Unigene049767_01.p1,4
Unigene015553_01.p1,4
Unigene032144_01.p1,4
Unigene016489_01.p1,4
Unigene036023_01.p1,4
Unigene037871_01.p1,4
Unigene040889_01.p1,4
Unigene032218_01.p1,4
Unigene006859_01.p1,4
Unigene016759_01.p1,4
Unigene008017_02.p1,4
Unigene033944_01.p1,4
Unigene044837_01.p1,4
Unigene035031_01.p1,4
Unigene003702_01.p1,4
Unigene007600_01.p1,4
Unigene010382_01.p1,4
Unigene028612_01.p1,4
Unigene018259_01.p1,4
Unigene045488_01.p1,4
Unigene050446_01.p1,4
Unigene000458_01.p1,4
Unigene023376_01.p1,4
Unigene008669_02.p1,4
Unigene046386_01.p1,4
Unigene038817_01.p1,4
Unigene031336_01.p1,4
Unigene021983_01.p1,4
Unigene028442_01.p1,4
Unigene039058_01.p1,4
Unigene026479_01.p1,4
Unigene036221_01.p1,4
Unigene048520_01.p1,4
Unigene020185_01.p1,4
Unigene017075_04.p1,4
Unigene007768_01.p1,4
Unigene025541_01.p1,4
Unigene000639_01.p1,4
Unigene048857_01.p1,4
Unigene040926_01.p1,4
Unigene041947_01.p1,4
Unigene006715_02.p1,4
Unigene002177_01.p1,4
Unigene021945_01.p1,4
Unigene043120_01.p1,4
Unigene000157_02.p1,4
Unigene020176_02.p1,4
Unigene014880_01.p1,4
Unigene026079_01.p1,4
Unigene011603_01.p1,4
Unigene042206_01.p1,4
Unigene015425_01.p1,4
Unigene006281_02.p1,4
Unigene021602_01.p1,4
Unigene014985_01.p1,4
Unigene005834_01.p1,4
Unigene032738_01.p1,4
Unigene006241_01.p1,4
Unigene013202_01.p1,4
Unigene036043_01.p1,4
Unigene009791_01.p1,4
Unigene035339_01.p1,4
Unigene045290_01.p1,4
Unigene004091_01.p1,4
Unigene000241_01.p1,4
Unigene001945_01.p1,4
Unigene035383_01.p1,4
Unigene034485_01.p1,4
Unigene044447_01.p1,4
Unigene043255_01.p1,4
Unigene046092_01.p1,4
Unigene040609_01.p1,4
Unigene031317_01.p1,4
Unigene048670_01.p1,4
Unigene041973_01.p1,4
Unigene013201_01.p1,4
Unigene002998_04.p1,4
Unigene008135_01.p1,4
Unigene021582_01.p2,4
Unigene037522_01.p1,4
Unigene012007_01.p1,4
Unigene008151_01.p1,4
Unigene037807_01.p1,4
Unigene010685_03.p1,4
Unigene012679_01.p1,4
Unigene036861_01.p1,4
Unigene050318_01.p1,4
Unigene038393_01.p1,4
Unigene025275_01.p1,4
Unigene008053_01.p1,4
Unigene008870_02.p1,4
Unigene045569_01.p1,4
Unigene008367_02.p1,4
Unigene046182_02.p1,4
Unigene039211_01.p1,4
Unigene001770_02.p1,4
Unigene017648_01.p1,4
Unigene003885_02.p1,4
Unigene002482_03.p1,4
Unigene044195_02.p1,4
Unigene042919_01.p1,4
Unigene000606_01.p1,4
Unigene038361_01.p1,4
Unigene000430_03.p1,4
Unigene021156_01.p1,4
Unigene049601_01.p1,4
Unigene002893_02.p1,4
Unigene036320_01.p1,4
Unigene000766_01.p1,4
Unigene045096_01.p1,4
Unigene030576_01.p1,4
Unigene048169_01.p1,4
Unigene049337_01.p1,4
Unigene010911_01.p1,4
Unigene004142_02.p1,4
Unigene006459_01.p1,4
Unigene044247_01.p1,4
Unigene007597_02.p1,4
Unigene048654_01.p1,4
Unigene009748_01.p1,4
Unigene039463_01.p1,4
Unigene050226_01.p1,4
Unigene043414_01.p1,4
Unigene035359_01.p1,4
Unigene036994_01.p1,4
Unigene035055_01.p1,4
Unigene022392_01.p1,4
Unigene038865_01.p1,4
Unigene032457_01.p1,4
Unigene009575_02.p1,4
Unigene039381_01.p1,4
Unigene049744_01.p1,4
Unigene003750_02.p1,5
Unigene000004_02.p1,5
Unigene040258_01.p1,5
Unigene006006_02.p1,5
Unigene046940_01.p1,5
Unigene044373_01.p1,5
Unigene045344_01.p1,5
Unigene003280_01.p1,5
Unigene005850_02.p1,5
Unigene014823_01.p1,5
Unigene017106_01.p1,5
Unigene006179_01.p1,5
Unigene043887_01.p1,5
Unigene030018_01.p1,5
Unigene001645_02.p1,5
Unigene004852_01.p1,5
Unigene024693_01.p1,5
Unigene004044_02.p1,5
Unigene014792_02.p1,5
Unigene003286_01.p1,5
Unigene037970_01.p1,5
Unigene023220_01.p2,5
Unigene001962_01.p1,5
Unigene015232_01.p1,5
Unigene001685_02.p1,5
Unigene040185_01.p1,5
Unigene003188_03.p1,5
Unigene048591_01.p1,5
Unigene013152_01.p1,5
Unigene002200_01.p1,5
Unigene044747_01.p1,5
Unigene044314_01.p1,5
Unigene021847_01.p1,5
Unigene016505_01.p1,5
Unigene003684_01.p1,5
Unigene036647_01.p1,5
Unigene048756_01.p1,5
Unigene006831_02.p1,5
Unigene028825_01.p1,5
Unigene020245_01.p1,5
Unigene013726_02.p1,5
Unigene012149_01.p1,5
Unigene015034_01.p1,5
Unigene048481_01.p1,5
Unigene011458_01.p1,5
Unigene014859_01.p1,5
Unigene024092_01.p1,5
Unigene039526_01.p1,5
Unigene006435_01.p1,5
Unigene042682_01.p1,5
Unigene044144_01.p1,5
Unigene037370_01.p1,5
Unigene039660_01.p1,5
Unigene007320_03.p1,5
Unigene007550_01.p1,5
Unigene005000_03.p1,5
Unigene026110_01.p1,5
Unigene003406_02.p1,5
Unigene001777_02.p1,5
Unigene019907_01.p1,5
Unigene048339_01.p1,5
Unigene045553_01.p1,5
Unigene049381_01.p1,5
Unigene049320_01.p1,5
Unigene035996_01.p1,5
Unigene044430_02.p1,5
Unigene048578_01.p1,5
Unigene018271_01.p1,5
Unigene039968_01.p1,5
Unigene040699_01.p1,5
Unigene006208_01.p1,5
Unigene020078_01.p1,5
Unigene036682_01.p1,5
Unigene050381_01.p1,5
Unigene049365_01.p1,5
Unigene003211_01.p1,5
Unigene014980_01.p1,5
Unigene015922_01.p1,5
Unigene017468_01.p1,5
Unigene021242_01.p1,5
Unigene027354_01.p1,5
Unigene003664_01.p1,5
Unigene047555_01.p1,5
Unigene024591_02.p1,5
Unigene000747_03.p1,5
Unigene007899_01.p1,5
Unigene005125_03.p1,5
Unigene047948_01.p1,5
Unigene019647_01.p1,5
Unigene048237_01.p1,5
Unigene011206_02.p1,5
Unigene010472_01.p1,5
Unigene010085_02.p1,5
Unigene015675_01.p1,5
Unigene002618_02.p1,5
Unigene049123_01.p1,5
Unigene025767_01.p1,5
Unigene012844_01.p1,5
Unigene028577_01.p1,5
Unigene047307_01.p1,5
Unigene018280_01.p1,5
Unigene008539_02.p1,5
Unigene035317_01.p1,5
Unigene011826_02.p1,5
Unigene012839_01.p1,5
Unigene001114_02.p1,5
Unigene045036_01.p1,5
Unigene009695_02.p1,5
Unigene045139_01.p1,5
Unigene002750_01.p1,5
Unigene042888_02.p1,5
Unigene025918_01.p1,5
Unigene047398_01.p1,5
Unigene047002_01.p1,5
Unigene036524_01.p1,5
Unigene049933_01.p1,5
Unigene043726_01.p1,5
Unigene034509_01.p1,5
Unigene045778_01.p1,5
Unigene006482_03.p1,5
Unigene035622_01.p1,5
Unigene025634_01.p1,5
Unigene003759_02.p1,5
Unigene005034_02.p1,5
Unigene025440_01.p1,5
Unigene000566_01.p1,5
Unigene005998_04.p1,5
Unigene009151_03.p1,5
Unigene047724_01.p1,5
Unigene039385_01.p1,5
Unigene040513_01.p1,5
Unigene012198_02.p1,5
Unigene050400_01.p1,5
Unigene012931_01.p1,5
Unigene040280_01.p1,5
Unigene012444_01.p1,5
Unigene041486_01.p1,5
Unigene032948_01.p1,5
Unigene009021_02.p1,5
Unigene043661_01.p1,5
Unigene008060_01.p1,5
Unigene018291_01.p1,5
Unigene004196_02.p1,5
Unigene045980_01.p1,5
Unigene004461_03.p1,5
Unigene044730_01.p1,5
Unigene031138_01.p1,5
Unigene040218_01.p1,5
Unigene018809_01.p1,5
Unigene025494_01.p1,5
Unigene029565_01.p1,5
Unigene049046_01.p1,5
Unigene042648_01.p1,5
Unigene043825_01.p1,5
Unigene012137_01.p1,5
Unigene041817_01.p1,5
Unigene006852_01.p1,5
Unigene016403_01.p1,5
Unigene040571_01.p1,5
Unigene022102_01.p1,5
Unigene041491_01.p1,5
Unigene049929_01.p1,5
Unigene044487_01.p1,5
Unigene035194_01.p1,5
Unigene004225_02.p1,5
Unigene039331_01.p1,5
Unigene030458_01.p1,5
Unigene049833_01.p1,5
Unigene040415_01.p1,5
Unigene003875_02.p1,5
Unigene047330_02.p1,5
Unigene014408_01.p1,5
Unigene010500_01.p1,5
Unigene032640_01.p2,5
Unigene045485_01.p1,5
Unigene011223_01.p1,5
Unigene014601_01.p1,5
Unigene042935_02.p1,5
Unigene038627_02.p2,5
Unigene045350_01.p1,5
Unigene003626_02.p1,5
Unigene005453_01.p1,5
Unigene003992_01.p1,5
Unigene045400_01.p1,5
Unigene036263_01.p1,5
Unigene050386_01.p1,5
Unigene048820_01.p1,5
Unigene045838_01.p1,5
Unigene024083_01.p1,5
Unigene048115_01.p1,5
Unigene015409_01.p1,5
Unigene040355_01.p1,5
Unigene046419_01.p1,5
Unigene020593_01.p1,5
Unigene011094_02.p1,5
Unigene047157_01.p1,5
Unigene049568_01.p1,5
Unigene013314_01.p1,5
Unigene049872_01.p1,5
Unigene012009_01.p1,6
Unigene000396_01.p1,6
Unigene029195_01.p1,6
Unigene043530_01.p1,6
Unigene050447_01.p1,6
Unigene024703_01.p1,6
Unigene010682_03.p1,6
Unigene029095_01.p1,6
Unigene040542_01.p1,6
Unigene049132_01.p1,6
Unigene022165_01.p1,6
Unigene026040_01.p1,6
Unigene049433_01.p1,6
Unigene041010_01.p1,6
Unigene049373_01.p1,6
Unigene004470_01.p1,6
Unigene044603_01.p1,6
Unigene045087_01.p1,6
Unigene048115_02.p1,6
Unigene049902_01.p1,6
Unigene050180_01.p1,6
Unigene047536_01.p1,6
Unigene029833_01.p1,6
Unigene000215_02.p1,6
Unigene050056_01.p1,6
Unigene018171_01.p1,6
Unigene035570_01.p1,6
Unigene002751_02.p1,6
Unigene020964_01.p1,6
Unigene010265_02.p1,6
Unigene012068_01.p1,6
Unigene009215_04.p1,6
Unigene046932_01.p1,6
Unigene003643_02.p1,6
Unigene035018_01.p1,6
Unigene047994_01.p1,6
Unigene040560_01.p1,6
Unigene026734_01.p1,6
Unigene030701_01.p1,6
Unigene006419_03.p1,6
Unigene011622_02.p1,6
Unigene019654_01.p1,6
Unigene001429_02.p1,6
Unigene049903_01.p1,6
Unigene007187_03.p1,6
Unigene039198_01.p1,6
Unigene050366_01.p1,6
Unigene050073_01.p1,6
Unigene030934_01.p1,6
Unigene048661_01.p1,6
Unigene007991_01.p1,6
Unigene044352_01.p1,6
Unigene005438_03.p1,6
Unigene016380_01.p1,6
Unigene001823_02.p1,6
Unigene048254_01.p1,6
Unigene049938_01.p1,6
Unigene005906_02.p1,6
Unigene027507_01.p1,6
Unigene010998_01.p1,6
Unigene005055_01.p1,6
Unigene002692_01.p1,6
Unigene021759_01.p1,6
Unigene045277_01.p1,6
Unigene006865_02.p1,6
Unigene045990_01.p1,6
Unigene042855_01.p1,6
Unigene049388_01.p1,6
Unigene039886_01.p1,6
Unigene044385_01.p1,6
Unigene044550_01.p1,6
Unigene041933_01.p1,6
Unigene004418_02.p1,6
Unigene016502_01.p1,6
Unigene034748_01.p1,6
Unigene001565_03.p1,6
Unigene004867_02.p1,7
Unigene047483_01.p1,7
Unigene048762_01.p1,7
Unigene048626_01.p1,7
Unigene001682_02.p1,7
Unigene021034_01.p1,7
Unigene012756_02.p1,7
Unigene020189_01.p1,7
Unigene042969_01.p1,7
Unigene048407_01.p1,7
Unigene000107_02.p1,7
Unigene033805_01.p1,7
Unigene004912_02.p1,7
Unigene044566_01.p1,7
Unigene009499_02.p1,7
Unigene035049_01.p1,7
Unigene018992_01.p1,7
Unigene050339_01.p1,7
Unigene036517_01.p1,7
Unigene016834_02.p1,7
Unigene049049_01.p1,7
Unigene023666_01.p1,7
Unigene018347_01.p1,7
Unigene048851_01.p1,7
Unigene046778_01.p1,7
Unigene045115_01.p1,7
Unigene043678_01.p1,7
Unigene031554_01.p1,7
Unigene042719_01.p1,7
Unigene047282_01.p1,7
Unigene043724_01.p1,7
Unigene034199_01.p1,7
Unigene036869_01.p1,7
Unigene036655_01.p1,7
Unigene001257_02.p1,7
Unigene029257_01.p1,7
Unigene050328_01.p1,7
Unigene048137_01.p1,7
Unigene034858_01.p1,7
Unigene038028_01.p1,7
Unigene042862_01.p1,7
Unigene045808_01.p1,7
Unigene035276_01.p1,7
Unigene001261_01.p1,7
Unigene003008_03.p1,7
Unigene045288_01.p1,7
Unigene042920_02.p1,7
Unigene030484_01.p1,7
Unigene045226_01.p1,7
Unigene046673_01.p1,7
Unigene048605_01.p1,8
Unigene049914_01.p1,8
Unigene047941_01.p1,8
Unigene000408_01.p1,8
Unigene021547_01.p1,8
Unigene025532_01.p1,8
Unigene047259_01.p1,8
Unigene045683_01.p1,8
Unigene039251_01.p1,8
Unigene042072_01.p1,8
Unigene045885_01.p1,8
Unigene042910_02.p1,8
Unigene005573_03.p1,8
Unigene013869_03.p1,8
Unigene023975_01.p1,8
Unigene048937_01.p1,8
Unigene039110_01.p1,8
Unigene041720_01.p1,8
Unigene005163_03.p1,8
Unigene024446_01.p1,8
Unigene041064_01.p1,8
Unigene050388_01.p1,8
Unigene008061_03.p1,8
Unigene042693_01.p1,8
Unigene032282_01.p1,8
Unigene048530_01.p1,8
Unigene046266_01.p1,8
Unigene023655_02.p1,8
Unigene003895_02.p1,8
Unigene044762_01.p1,8
Unigene050101_01.p1,8
Unigene050370_01.p1,8
Unigene008001_01.p1,8
Unigene050108_01.p1,9
Unigene006946_02.p1,9
Unigene005752_03.p1,9
Unigene044618_01.p1,9
Unigene050410_01.p1,9
Unigene037679_01.p1,9
Unigene047912_01.p1,9
Unigene008451_02.p1,9
Unigene039363_01.p1,9
Unigene048308_01.p1,9
Unigene024957_01.p1,9
Unigene030980_01.p1,9
Unigene047214_01.p1,9
Unigene010401_02.p1,9
Unigene043800_02.p1,9
Unigene045816_01.p1,9
Unigene050287_01.p1,9
Unigene041652_01.p1,9
Unigene035694_01.p1,9
Unigene043401_01.p1,9
Unigene002318_01.p1,9
Unigene016427_01.p1,9
Unigene001665_03.p1,9
Unigene013093_01.p1,9
Unigene044986_01.p1,10
Unigene039636_01.p1,10
Unigene003708_02.p1,10
Unigene018746_01.p1,10
Unigene031132_01.p1,10
Unigene042437_01.p1,10
Unigene033711_01.p1,10
Unigene008990_01.p1,10
Unigene010914_01.p1,10
Unigene010971_03.p1,10
Unigene001663_03.p1,10
Unigene043737_01.p1,10
Unigene047174_01.p1,10
Unigene007077_01.p1,10
Unigene043502_01.p1,11
Unigene018822_02.p1,11
Unigene044735_01.p1,11
Unigene047207_01.p1,11
Unigene044481_01.p1,11
Unigene044513_01.p1,11
Unigene044500_02.p1,11
Unigene043630_01.p1,11
Unigene049065_01.p1,11
Unigene040035_01.p1,11
Unigene015723_02.p1,12
Unigene005809_03.p1,12
Unigene005331_02.p1,12
Unigene048248_01.p1,13
Unigene047347_01.p1,13
Unigene042086_01.p1,13
Unigene024053_01.p1,13
Unigene026767_01.p1,13
Unigene000688_01.p2,13
Unigene048736_01.p1,13
Unigene040054_02.p1,13
Unigene020461_01.p1,13
Unigene006038_02.p1,13
Unigene044867_01.p1,14
Unigene048100_02.p1,14
Unigene005825_03.p1,15
Unigene039037_01.p1,16
Unigene042451_01.p1,16
Unigene022600_03.p1,19
Unigene043405_01.p1,28
