Accession,MSC-exo-3,MSC-3
P02452,116.681305,19.41784216
Q99715,105.8416479,31.75097228
P02768,45.08340042,6.89578586
P98160,209.0567134,53.52610916
A0A087WTA8,136.7749899,21.98897936
P01023,140.4658567,13.49459979
P02461,133.804023,32.10964861
P02787,55.36495323,12.30778777
P12111,118.9342782,54.49486717
P01024,63.03720798,15.11101353
P11047,95.26655556,20.61397424
P07942,101.0029933,20.41693247
P04264,263.0021836,47.22508133
O00468,177.1794545,25.32898847
P00738,26.10358255,10.61796149
P24043,106.9909524,22.12291258
Q14112,134.2657731,26.49117949
Q6UVK1,179.7813757,68.99639023
Q8WUM4,156.8180091,33.97767641
P35908,254.281706,56.91583815
P07996,202.0616735,28.56761064
P04114,60.52315304,29.5180915
P01871,21.7901512,10.29261766
P35555,162.7379903,31.45445934
P26038,183.287675,38.24166667
P68366,189.3486189,71.53202811
P05997,121.0136406,27.64855072
Q16363,60.30893886,16.365676
P07951,121.0136406,56.18845473
P80723,174.969979,78.85346078
P27487,230.1714566,60.61118099
P35442,88.99282813,21.25282203
P13611,83.66592403,15.29199682
Q13219,85.78978577,20.7782142
H3BR70,105.05,50.34151621
Q08380,111.0078229,13.88112438
P08253,111.5512091,12.30778777
P13645,248.1867866,49.2215291
O15230,179.1516268,32.85818684
P06756,135.2830055,65.15899175
P12109,144.7170844,34.2606842
P35527,266.2223698,47.47742111
Q92626,94.20479012,35.96356447
Q13308,167.4501822,45.33715375
P15311,185.1861971,42.64981727
P21589,230.7038095,63.343537
P20908,127.6191053,28.69535859
P06733,93.23912111,42.46789099
E9PK25,119.6819824,52.9544889
P14543,80.35847411,26.49117949
O43854,162.7379903,22.12291258
O75083,119.7695435,47.92472112
P60174,112.883352,48.21087606
P17301,168.2255785,64.11388127
P63104,141.5776626,56.0971885
P02675,42.75215633,19.23803879
A0A0A0MT26,164.143,54.49486717
P62258,157.8813727,46.99605641
P35241,178.4480489,60.33653456
P00558,106.8299414,52.13333333
Q14195,114.0696085,52.68567737
P15144,143.1117547,43.45781789
J3QSU6,158.2350245,48.21087606
A0A0A0MSQ0,115.7049248,56.363829
E7ESP4,141.3095864,70.28356433
P19823,183.6355489,13.88112438
P08603,61.55312114,15.70252054
P00450,45.08340042,14.86520484
P54652,97.70820987,43.81620315
P55268,89.09147701,42.93224645
Q9Y6C2,91.98333333,42.19050869
P13647,239.6318516,49.59234568
P25391,71.53115751,25.23011641
Q15582,75.52680639,27.11107113
P23142,136.1274143,43.19591291
P02774,166.2349536,13.34365599
P10316,74.99690144,31.63606678
O43491,136.1274143,52.13333333
Q08431,238.3589809,19.97387902
P00352,80.59063272,38.91581308
A0A140TA32,127.5246677,25.77000094
P16190,39.07221369,12.07622234
A0A024R571,218.8417907,39.79762601
P50395,144.9589264,47.47742111
P18669,143.6917284,42.19050869
P19827,74.85696436,20.7782142
E7EQG2,223.9679312,42.57379485
P09486,158.2350245,25.14122806
P09871,133.1536645,15.81384177
P26022,292.7152564,27.73806981
P08473,117.4638738,44.51868891
E7EUC7,87.28766312,42.57379485
E9PLK3,103.0990301,50.1032073
H0YJ34,128.1084608,62.45134537
O00299,165.2486916,35.26861029
B1AHL2,53.28317222,17.53448237
O15031,185.4279697,62.83036491
P29966,172.6346288,45.83935106
P29317,194.4333184,73.784387
P10909,80.19733985,8.89036399
Q9Y696,180.373854,41.78402122
P05121,236.1893626,45.4820803
P05362,203.7897333,98.86792165
P02533,216.7932686,53.52610916
P23526,162.9178975,53.213289
P00747,153.7141271,18.75714702
Q9Y4K0,233.3481659,48.34655906
Q04917,151.764206,56.63645873
P12110,129.2097572,47.22508133
P02538,220.390824,39.29582002
P61981,138.1280726,60.98161798
P36871,136.6796617,39.39930576
P30041,117.9915339,51.2370623
P09936,108.6822171,53.80833333
D6RGZ6,95.54564778,5.978360196
P27105,232.4172213,79.35
P02671,44.36882655,13.1282038
P09543,170.9610416,82.89675953
P06396,119.45,47.10731369
Q9P2B2,239.6318516,24.14977029
B4DPQ0,134.3450146,16.68425733
P60900,85.23268218,35.59956524
P31150,131.156407,61.45205613
Q16270,213.1238059,39.65119748
Q7L576,154.49329,74.46686042
P62979,155.2593076,73.2341245
P31946,129.0775791,41.10198883
A0A024R6I7,23.80624271,7.873614919
Q99497,105.6445869,46.57840892
P01008,187.6254025,14.56042462
Q15113,125.3900764,22.46296145
Q12841,191.066863,26.73648575
P25786,92.13963633,43.91490246
P08779,223.4486112,29.80869449
A0A0B4J231,34.24592465,14.56042462
P05106,127.3167485,35.02664277
Q04721,161.5257562,64.56918508
P35556,152.7430378,27.11107113
P26006,215.2240381,64.56918508
P02649,53.51720143,19.78559639
Q96TA1,142.3937819,57.7184575
P17948,235.7112932,39.56015123
Q14126,190.3758409,51.14170667
P50148,184.976425,74.86073733
P39060,55.77815963,20.7782142
A1L4H1,63.50949281,18.75714702
B1ALD9,70.9,30.34115212
H0Y7A7,142.1594557,64.34999893
P13612,229.6725309,40.63465458
E9PK47,106.9909524,49.09474038
Q9H223,224.9834702,48.04742898
P12107,101.7525777,47.22508133
Q8IVL6,194.1132583,60.13083216
P07093,94.74668597,28.80447446
Q04695,186.9898429,37.63857128
P35052,192.1349621,47.37030356
P09619,179.5775182,58.15313452
O75874,113.8432072,46.47521592
P56199,220.7548079,71.16465832
H0YD13,183.0990847,80.14205141
P63096,172.3432394,64.84551482
P27348,150.2068144,46.01347802
P61160,128.9826378,60.50508743
P07686,132.2347619,58.93081327
P08237,128.4669796,56.363829
P00734,214.7437825,24.75732717
Q9Y281,158.7079165,42.39207593
P04181,139.2986606,47.92472112
Q9H5V8,184.746563,59.28283051
Q6WCQ1,204.3551123,64.96362908
Q99714,115.3515011,51.7356696
P29144,129.8799319,51.5136115
P62070,165.8364764,82.58333333
O75882,96.68348601,29.68325522
Q9P265,181.6788929,43.37043172
P23381,104.6263243,50.69612578
P48059,136.4902461,48.48857767
Q9UNF0,149.7338937,63.71367369
Q92743,177.5553685,28.38423058
P55290,231.8052062,48.765384
Q9Y4F1,216.1835967,48.83353713
O00391,137.602935,42.74044643
B4DLR8,143.51637,61.45205613
C9JXA5,193.7678367,87.70833333
Q9NZN4,152.6010286,54.97982491
J3KR44,108.6822171,52.68567737
F6RFD5,135.0474124,54.27425808
P50552,134.3450146,60.89226367
P01893,114.3368316,41.10198883
P10915,189.8801461,15.51490101
O75347,130.1053955,41.63622847
B8ZWD1,102.7112549,48.11736585
Q5JWQ6,198.0832345,63.82090406
Q15758,203.2958716,37.25609356
O75368,121.230304,60.13083216
O14936,196.2268037,51.5136115
P14923,226.3675133,63.17613159
Q9UNZ2,139.2986606,61.16269944
Q15404,135.7997309,62.45134537
O75695,187.115585,76.44302866
P30520,126.6576581,56.18845473
P21810,65.45177625,22.78110355
O95336,171.1310054,60.89226367
P49189,118.9342782,52.83337235
P15121,150.7266951,53.33162894
P08476,133.9881075,45.64171342
Q6P9B6,173.4426726,71.61858274
P81605,203.2958716,31.525
A0A0D9SEN1,175.7908976,86.32065205
Q03405,145.5867152,63.82090406
F5H442,167.8147802,49.82262112
Q9H4B7,152.6010286,33.39131712
Q969P0,288.2550748,23.09179327
Q9ULI3,231.2650054,57.48285263
P01111,190.2220214,80.7722945
Q9UKY7,106.5300157,48.60148926
Q02952,157.4905603,75.96545422
P48637,101.0029933,39.39930576
P08514,104.9233986,21.68408996
P10319,133.1536645,63.01676574
P30086,125.0084157,50.60579489
H0Y9Y3,151.1460802,69.76934987
P22307,115.4479028,53.80833333
P01031,82.42436368,25.56923338
Q08209,187.2985353,65.55743429
Q96CV9,166.3106531,77.30226657
Q6YHK3,238.9508911,30.91954271
Q14517,243.8720231,60.98161798
Q9NZN3,193.5053339,28.38423058
P07585,101.8875556,25.86164933
P78417,119.5415044,42.39207593
P15924,249.3750523,47.5909641
P09960,255.2382652,38.46432438
P54289,178.2206193,40.7577672
H7BY82,105.4960133,34.15620734
H3BMU1,188.4361778,46.57840892
P62140,128.3728566,58.08827726
O75326,137.1167277,56.75855281
Q9BZQ8,142.2230638,66.92132357
P17813,168.3401244,73.89454672
P13693,140.5722371,41.38333333
P05120,167.6519478,80.25435594
O95980,226.3675133,59.57606083
P05109,74.20071852,16.1818554
Q9H444,168.1084769,61.28889836
P01033,129.7375478,15.94296514
P15531,101.9828993,37.25609356
P36955,186.3114818,19.55877692
F5H479,308.0581617,55.75567643
Q5T123,124.5736805,43.45781789
Q9H4A4,109.6120163,44.33119805
G3XAJ6,229.2639531,56.99396975
A8MX94,123.1724547,44.99915567
P20742,350.1026387,29.97757011
P13861,152.9934202,57.30345221
O14737,126.2160493,48.04742898
P52565,122.1711792,45.78333333
P17066,119.0457987,53.213289
P13497,160.4489528,37.93349931
Q14344,181.0909234,72.48333333
Q16610,175.6103066,29.12356488
P19022,149.0398748,61.58216063
Q14914,122.9824437,48.99171177
P16035,117.9915339,20.41693247
P47755,153.9135227,62.18689415
Q9P273,184.5671851,69.51058807
O60271,121.9028179,52.68567737
P25311,85.93097706,16.365676
H9KV31,97.1627234,29.04091728
E9PNQ8,153.1290904,60.89226367
P21926,163.5522793,35.16309083
P15529,190.8429575,89.17354664
Q9UI42,180.1148554,37.04721974
P35237,103.7628873,29.5180915
P02765,272.7036261,11.56526621
Q86UX7,92.68466452,18.51054016
E9PRJ8,198.9800299,35.89817521
O75439,110.1803284,43.13876098
Q14019,121.1494782,46.37062314
Q13976,156.6064128,47.5909641
O14908,172.0332847,59.7988563
P02760,221.6397183,14.99233852
Q15043,209.705015,55.28077035
A0AVT1,118.2571436,46.80734782
P49720,89.09147701,35.80745701
P12931,143.4215299,52.42771718
P69905,195.3379518,63.82090406
A0A0C4DG84,160.9015296,77.55098617
P98066,147.1139203,20.12410367
P48163,98.42744225,48.60148926
P62714,119.9488011,49.42170917
Q9NUP9,175.7908976,59.93422669
P16298,151.6845519,68.4007358
O00186,180.6502285,68.7186339
Q14766,65.54291851,32.3892188
P40261,87.00007292,33.5968546
Q99959,150.2068144,65.98420793
Q9Y3L5,166.7064533,70.19884518
Q15435,118.370688,54.76464113
P30837,81.63899803,39.08871003
P01034,165.8364764,36.35840744
P19883,246.2048656,35.59956524
B7ZKJ8,241.5521197,35.02664277
P35625,151.764206,63.17613159
Q99471,123.7236664,60.33653456
O60684,252.6711387,55.75567643
Q04760,119.6154858,50.88671698
A0A087WTF6,176.9841862,72.43458686
O00462,118.5166667,53.97062605
H0YLF3,148.2925528,73.63396174
O94813,123.3988365,39.79762601
E9PQR7,164.2652716,49.2215291
P55287,172.8261939,75.96545422
P53985,193.5053339,70.38703534
P09417,112.0915621,49.2215291
F8VXU5,146.8382967,56.363829
Q9NZW5,142.4522331,64.84551482
H7BY55,186.7141608,46.90085232
P24593,169.9963646,32.75481873
Q9Y4K4,190.0555631,79.06389369
A0A0C4DGX4,189.5936293,69.64504
P02749,189.5328025,36.21409019
Q15262,156.4303377,69.15833333
Q53FA7,121.0136406,39.08871003
A0A087WUQ6,117.5870888,38.34846865
Q9Y5P6,98.42744225,48.34655906
P39748,197.0080562,87.78140002
P43490,114.2168572,50.69612578
Q8IWA5,211.4257974,49.82262112
P04196,78.56460361,18.30803395
Q9UIW2,207.1481341,52.36839645
O94985,138.5237553,25.32898847
P31151,225.8539644,37.51625901
P19623,116.0124486,38.01388494
A0A2U3TZL5,173.117961,67.31955903
J3KR97,167.1172766,65.41825895
Q92508,243.1614933,89.42050946
O75636,87.47818784,30.46839345
P03952,128.6150567,21.37343913
P68871,164.5494632,56.50594687
Q99615,185.6988149,77.6988523
P10599,147.9681127,49.82262112
Q9Y6E2,201.8615443,56.363829
O94760,130.2847233,37.39883186
P31146,108.4521694,41.10198883
Q9UN37,154.7102292,74.30917087
P31431,140.119167,31.254217
Q9NZZ3,159.9557595,67.63333333
O95833,161.2019472,41.63622847
G5EA09,147.1139203,29.04091728
Q9NRV9,140.356997,54.1350561
Q01650,172.8261939,83.02806756
P84022,247.2433756,91.5584293
Q9NRY6,148.5256059,59.06495423
O60645,178.2206193,75.96545422
P51452,152.0911192,63.2836553
Q9C0H2,145.8454697,57.83671564
J3KMX3,379.3216431,11.56526621
P14550,134.9734674,42.09734437
P11169,144.1454925,62.33444407
O95865,134.0879115,59.57606083
P01780,34.14099618,16.04456008
O95747,127.7762771,54.04223664
Q10588,210.3129551,52.83337235
P37235,178.6272904,88.65556894
O14558,200.2889805,47.10731369
P01116,191.338133,52.9544889
Q9UBR2,111.5512091,54.04223664
Q8N6G6,213.7711026,65.81453601
P22061,118.5468284,59.18133476
P49747,316.8344744,22.96323887
Q8NBY1,149.616716,62.83036491
Q15382,158.7079165,48.91174868
Q9UKU9,80.43920832,22.12291258
P55263,99.59083411,41.98567535
P46108,134.5038475,52.42771718
P48509,179.9732916,79.43723486
P11498,184.0345041,66.28468696
Q1JUQ5,138.0031634,52.68567737
Q15819,148.0740352,48.91174868
M0R1T5,147.5370807,68.90232927
P25325,108.7700938,45.4820803
Q9HCU0,171.5568293,36.4901973
P06702,68.23533608,11.26557084
P08519,123.9756425,32.57742623
Q9BX68,124.6815973,62.01200258
Q96D46,149.8765302,70.02141759
P51884,132.3351766,16.54201359
Q5VW32,148.7911662,68.4007358
H0Y3T6,144.7733238,67.95632079
P36405,124.5736805,51.04880405
Q14767,125.8436229,31.98680643
I3L0A0,122.860192,46.47521592
Q7Z3B1,171.0639512,79.83333333
E7ES96,170.8058264,82.39969887
Q8N4C8,199.8059974,54.49486717
O75911,246.6947484,60.01686181
B4DNG0,135.2830055,36.21409019
Q01469,137.3518454,45.20007386
P00390,83.28253222,37.77164674
Q7Z304,159.3248001,31.34165429
P24666,133.3338467,60.61118099
Q96B97,117.8761998,54.89858948
P49841,142.3508889,66.46578698
Q9NQW7,134.741913,50.77410144
Q14644,187.9663344,68.80715505
O00754,129.6449392,64.34999893
Q08629,79.94523762,20.29456572
P98095,111.771429,49.69722479
O75351,176.7430622,63.17613159
P12259,283.1317717,58.50334293
P52788,125.6756703,59.28283051
Q6UVY6,159.052836,77.62538754
A8MZF9,137.730262,38.91581308
E7EQB2,383.6009741,17.25652347
Q8N8U9,145.6862064,66.72269435
Q4G0J3,218.8417907,92.81955139
H0YGR4,99.11794407,44.51868891
P35251,285.016998,86.82937352
O00300,221.1603875,93.06580298
P19971,155.2593076,55.38863727
P08697,278.4218584,34.46423821
P16930,127.0281223,56.50594687
Q9HA77,174.8050409,65.41825895
E7ESP9,88.5915148,36.08149471
Q9NWV4,114.6727335,53.52610916
C9JRL6,211.7610267,51.7356696
Q9BPW8,189.1775923,92.37396692
Q9H2U2,118.9342782,47.92472112
P61764,163.6140877,78.54741838
P12429,129.2097572,57.7184575
Q8WWI5,175.905663,58.76606222
Q06124,186.091266,57.93345754
P60201,99.92745441,37.63857128
O14745,155.4395864,65.04584567
P41221,152.5193375,69.15833333
A0A096LPE2,51.18207251,21.68408996
U3KQG5,140.5722371,40.52588343
P02748,97.48913307,26.93671657
Q9H173,136.3795402,64.65922019
F8W1S1,290.2021637,44.154438
P22413,182.4684297,90.58744177
P36551,137.950647,58.50334293
P51570,136.5801081,65.55743429
O00273,158.5585501,45.71868881
P00441,139.9547672,40.16491645
Q7Z5G4,194.5555042,88.11363933
Q9UK76,104.0841898,50.24166667
A0A1B0GVN9,159.1813657,57.7184575
Q7LBR1,172.1596768,58.26846694
P19652,74.99690144,6.693408719
Q9BUT1,138.907922,45.07934624
Q9Y376,193.1644086,51.14170667
A0A1B0GTG9,156.4303377,51.3382709
Q9H0X4,237.1046618,74.21798467
E9PHK0,325.6205239,22.96323887
Q96L35,163.9543211,80.7722945
Q15437,182.1129666,78.85346078
F6SYF8,156.9855253,53.97062605
Q16394,143.575212,67.31955903
Q9Y625,146.7313621,42.93224645
O75954,217.1755399,26.93671657
A0A087WW43,301.950267,72.55555164
E9PHN7,128.3728566,40.2788004
A6XND1,149.8765302,30.6
Q9HB40,194.7727347,62.33444407
Q9H0E2,153.811842,73.71666667
Q9HD15,139.9879508,57.57667583
Q9GZM7,233.3481659,61.58216063
Q96PY5,151.764206,55.03442782
O00339,228.2466434,68.4007358
Q9HBI1,93.68949403,28.49328112
O76061,137.602935,27.93372853
Q16762,134.8584068,42.19050869
Q96BY6,77.11240093,18.08506868
P46976,133.2505618,61.28889836
P00966,106.1006095,44.99915567
P17677,130.3917515,46.90085232
Q15056,182.4684297,69.64504
Q4KMQ2,244.3776765,73.33333333
Q96B36,198.8055127,48.765384
P49746,113.5421053,36.40318911
B1AKC9,199.1914119,62.01200258
E7ESK6,205.2873114,48.60148926
P13726,207.9666813,74
P24592,195.8650671,22.78110355
E9PQY2,200.9688432,40.7577672
Q9Y6E0,129.3834094,50.88671698
G3V4U0,228.9777996,29.97757011
P49721,129.6449392,45.58656879
G3V4P8,129.5379357,56.63645873
Q93063,148.435015,70.9
O15427,201.3327074,67.80588775
P05156,182.9161555,21.53601162
O95479,139.0306455,51.42880694
Q8NFJ5,242.1203546,70.19884518
Q9UQM7,166.406404,55.28077035
P01040,198.3324091,61.64122851
P02745,15.10494083,7.058369409
Q01974,157.7582763,45.4820803
A0A087WW49,55.58708501,26.1276848
Q9NUY8,154.387346,67.2290684
P07196,109.874848,27.43317937
Q8WW12,197.5656033,90.53026948
Q14376,134.5038475,59.57606083
A0A0A0MQX1,170.4208058,80.25435594
Q9NPD3,180.373854,74.21798467
P78539,62.27789962,24.87064893
Q96DG6,94.86491612,40.98392302
M0QZK8,126.934638,59.28283051
E5RHH5,126.934638,58.50334293
O95084,110.4445011,27.43317937
Q14651,116.7597068,49.2215291
P54764,169.6747366,83.89262092
H3BV90,133.1536645,61.85
H0Y488,228.2466434,92.01965313
Q96K17,143.4215299,62.18689415
Q4V9L6,137.950647,53.04159429
O75635,178.0039641,46.13753882
Q9Y6A4,194.9861941,72.55555164
P82094,212.3314618,64.11388127
E9PKV8,134.5038475,63.60467267
Q96AM1,248.1867866,32.24991192
Q9HCJ6,122.1711792,46.99605641
H0YD64,197.5656033,83.38840894
A0A087X1H5,176.2900777,50.60579489
Q96LJ7,187.7345124,88.73487266
P23921,224.6620501,65.81453601
Q8NBF2,286.4176768,36.82433704
P23743,184.85645,75.33744621
H0YLH3,148.0740352,71.68569218
A0A075B6J9,73.74435737,26.49117949
Q16740,137.1167277,60.73333333
Q12974,173.8012991,62.01200258
Q5T4U8,123.7236664,60.13083216
Q9ULC3,163.7005695,73.02147973
R4GMQ1,175.145488,78.54741838
P28072,154.8789283,43.63691884
Q15843,133.9881075,63.82090406
C9IZG4,126.4328917,42.74044643
Q12800,265.645412,67.2290684
P63165,137.7697158,50.98400325
C9JQ41,300.2850479,32.47715804
I3L1R7,120.3664004,58.15313452
A0A0U1RQW6,150.2068144,56.99396975
B7Z2U2,149.1260102,59.41534407
Q96CG8,103.0284681,40.42108939
O14791,41.76863873,20.87699485
C9J5B0,168.843358,33.08925191
O95967,109.7344507,33.22572171
J3KNN5,310.4575146,60.73333333
P32321,110.2669616,49.59234568
Q7L9L4,181.9090455,60.50508743
A0A0A0MTP6,191.338133,63.42771221
O60687,119.8462496,37.72157576
P31944,219.1933322,43.28695451
P10145,161.5257562,67.54744739
G5EA48,165.2486916,82.50037242
D3YTG3,202.2861069,26.64743158
A6NDF3,219.5703838,42.81666723
P48960,163.3694815,77.01666667
E9PNP3,128.9826378,63.98119627
Q9Y6W5,146.2066392,69.3325513
O75044,235.1598633,48.34655906
Q13098,288.91977,33.39131712
Q9BQA9,203.7897333,98.86792165
P01137,111.4692477,36.4901973
C9JFR7,124.8972409,54.27425808
Q6NVY1,136.260633,54.97982491
Q4G0F5,135.0474124,64.4854859
Q01581,155.136209,67.2290684
E7EW25,132.4345259,44.83216584
P22692,184.3583265,33.39131712
Q86TI2,161.6187444,58.08827726
A0A0C4DG23,237.68525,64.79245928
O14907,151.4528596,63.71367369
Q96IU4,123.1124089,52.13333333
O00194,132.3351766,49.2215291
B5MD46,135.6652379,54.27425808
D6RB12,151.764206,22.46296145
Q9Y5J5,180.8015217,58.50334293
P14210,318.3109248,20.99859913
Q8N1N4,209.3946729,58.15313452
P52756,227.0243444,82.39969887
Q03169,172.1596768,72.81347056
P52823,102.9730152,43.59976615
P22352,85.45224645,26.1276848
P01833,54.13712173,10.11355439
Q96EY5,145.7418395,62.45134537
Q9UKU6,220.0470673,94.33996044
Q5W0V3,276.6866104,53.97062605
Q9H7F0,262.1862495,65.41825895
Q92882,132.1420369,60.98161798
D6RF92,145.4524963,66.37082242
P23443,148.6838167,51.42880694
Q9BRT3,141.8067179,54.49486717
Q15485,19.89702569,9.133844442
A6NDG6,174.4470966,36.40318911
P05543,330.2191318,17.80215301
Q96IJ6,101.3841723,39.79762601
Q8WUW1,145.4524963,55.50002929
H7C5K4,112.0915621,39.19409745
E9PEC4,189.4561997,84.91371417
E9PN41,213.356081,24.20908246
P21579,153.9905314,76.54604255
Q9ULZ3,105.5700799,46.70798178
H3BSW0,48.0323939,22.46296145
M0R2L2,159.5866673,75.96545422
G3V595,76.1168059,11.87380856
P18433,212.3314618,48.99171177
Q8WV24,234.1679451,83.24959709
Q9H4A5,192.1349621,50.49618757
Q8IVM0,190.5820119,47.6523398
Q9UN70,181.0909234,65.92245444
Q02763,176.8782138,86.63294723
P50583,121.1494782,53.80833333
Q00534,170.2785113,50.41132096
E5RJ29,163.5522793,67.54744739
P15289,299.5241044,33.7886527
P61812,142.1594557,66.17519574
P43007,259.4095815,40.16491645
P36222,170.5834363,31.75097228
P78318,123.4554233,56.75855281
D6RD48,192.518114,78.38052604
Q6UX71,152.2194447,43.28695451
Q8N3P4,199.5652772,76.86606098
Q8N130,52.69143614,23.40826584
Q8IWJ2,55.70845149,26.81813695
S4R400,256.4011773,52.61892832
Q96PD2,182.1129666,53.52610916
B1AKR6,206.5690547,78.6662255
P34059,125.5708008,62.26666667
Q68CP4,186.4776605,74.57422084
P55212,90.40142113,34.6214166
Q9NPH2,129.6449392,49.42170917
H0YAP0,363.0093535,32.24991192
Q02413,250.6206958,41.63622847
Q02388,131.3890789,32.10964861
Q14114,120.2678701,23.95849317
P07360,108.4521694,30.34115212
Q66K14,130.2280577,56.91583815
Q9UP83,123.3988365,59.93422669
P56159,273.3609206,83.13333333
Q9UNN5,148.7471818,65.04584567
Q12959,200.2889805,47.37030356
G3V4K3,157.1302679,70.79904036
P29373,166.0539985,34.34320535
F8W8Y1,135.430565,60.13083216
Q9NRK6,259.4095815,80.7722945
B1AJY5,341.0873579,16.84155903
Q9UGM3,270.2469265,17.04707325
Q96GX9,169.8481794,75.49777304
Q08554,121.5573467,45.4820803
B7ZLP8,245.0851387,112.3791979
Q9NZJ4,397.9663703,12.87416428
F8WAU5,103.4075517,50.41132096
C9JND6,139.6522173,56.01389824
Q9NZR1,266.976075,49.82262112
Q53TN4,206.2456298,91.38491926
Q9BZV1,207.6513733,44.62550505
P41567,218.4268126,67.10572187
P50452,92.82126352,42.74044643
P01602,54.67273889,24.55716074
Q15067,177.1794545,71.16465832
Q96CS7,153.7141271,60.61118099
Q13433,243.521427,31.98680643
Q66LE6,125.932717,56.0971885
Q5VV42,157.8813727,53.213289
O95633,166.9178554,33.22572171
C9J5H8,133.0333333,62.18689415
Q8IUR0,127.6191053,62.33444407
Q9BW83,156.4303377,58.93081327
H0YB34,134.741913,38.46432438
P10720,86.01861444,28.90119186
P08567,67.9224736,29.5180915
Q9ULF5,200.6699869,41.43470132
Q86UD1,119.1971633,47.10731369
O95999,315.3811515,29.29074423
Q8IWU5,156.9855253,65.55743429
Q15208,125.3900764,42.28296019
P80217,176.6505416,57.17993941
A0A0B4J259,170.5834363,59.06495423
B3KNX7,151.8976189,58.15313452
P14174,105.9598356,39.56015123
Q99808,174.6053145,77.11116618
A0A0C4DH25,72.32021058,13.1282038
H3BP35,140.0431682,63.71367369
Q9UIC8,177.1794545,38.91581308
Q8WUH1,117.9128364,54.65910255
A0A096LP69,274.2823616,34.55798229
Q8NHP8,151.3455185,73.57934842
Q9H2M3,251.060494,32.47715804
A0A0A0MSV6,99.59083411,43.05583827
Q53H82,108.1941476,53.70114464
Q15814,107.4829946,51.5136115
Q5W0Z9,192.7720231,91.73442286
P80748,11.44023221,2.794824581
A0A0D9SF70,159.4870101,77.11116618
Q5VUB5,201.6581084,60.89226367
Q96EY8,183.0990847,49.09474038
H3BPY5,163.8084801,60.33653456
Q5T749,205.5679029,70.08445308
Q14439,225.3313198,69.3325513
P09341,204.7696585,74.57422084
E9PRK2,127.0281223,57.57667583
I3L3S0,177.746814,86.16792918
E7EMN6,125.8436229,48.21087606
Q92629,152.8456284,48.11736585
Q9HBH0,193.1644086,81.68460548
A0A0J9YXX3,188.7352382,79.21223338
Q9Y240,203.9814848,50.1032073
Q8TD55,196.4439492,40.63465458
P21741,207.3953396,36.08149471
P36268,176.1249588,77.48424003
Q92777,164.816577,54.76464113
Q5VZK9,177.5553685,57.48285263
Q9BZM4,174.969979,85.16666667
P01344,305.3291626,28.62190793
Q86SZ2,216.1835967,43.70652495
Q13424,124.763366,59.93422669
P10124,78.45755033,26.81813695
Q9H8Y8,110.4824466,53.213289
Q9UL15,159.9557595,66.17519574
P06280,157.4905603,66.81666667
Q3ZCW2,100.1666667,24.68989621
P10643,264.6863601,16.60162444
P52630,185.6988149,51.5136115
P01709,29.78976585,8.727887308
K7ER08,312.0529599,30.63901074
A0A087X246,189.7393937,51.3382709
B1AKD8,186.8540288,34.71560545
J3KSD8,131.6066094,41.88689142
O95379,129.2956174,35.40706096
Q15121,119.3473086,45.07934624
P13716,158.2350245,50.34151621
A0A075B6I9,28.37388323,12.87416428
Q96P53,170.1275793,70.28356433
Q4ZIN3,276.6866104,58.50334293
P48740,179.5775182,10.61796149
I3L3J4,188.9838895,85.7
A0A087WWW0,162.5112235,44.51868891
Q13526,139.4128536,55.28077035
Q13057,148.7911662,42.39207593
G8JLG2,147.662391,49.42170917
A0A1C7CYZ1,164.6631501,63.2836553
F5H5N2,109.0029093,48.60148926
H0Y804,270.9282053,41.49535108
Q8N7R7,181.2627024,72.73316052
Q9C0B5,249.8309628,36.82433704
Q96DD7,139.2052713,63.91815414
Q96C23,82.04296943,39.29582002
Q01459,83.38754635,37.86222992
F6WIT2,119.6819824,56.363829
O95210,202.764479,55.64722414
P02775,51.18207251,21.37343913
Q15311,204.7696585,64.79245928
P23508,162.0542988,68.80715505
Q16775,136.8676281,58.83580998
E9PPQ4,279.4570509,46.47521592
A0A2R8Y7Z8,143.6221317,60.13083216
Q03181,354.5263101,24.41755967
E7ENY0,169.7537734,54.89858948
Q3MIP1,164.9357055,74.62736855
Q96EK2,111.2254033,28.27759452
O60669,210.0364365,62.75078659
H3BR79,169.3535144,47.22508133
H7C3Q6,212.878474,56.99396975
P18065,281.5740885,48.21087606
P69891,297.0286659,66.64151429
A0A087WUR6,145.238673,62.94046694
Q5T085,332.2531256,20.41693247
Q58F21,280.7153447,42.33241535
Q8WUA8,108.1941476,38.6636665
Q5SYB0,41.54408205,4.667426579
Q96FJ2,136.260633,63.82090406
P19320,202.5325076,99.3074754
A0A0A0MQT7,59.68255817,23.95849317
Q96JA1,142.7299568,59.28283051
Q6ZS81,164.816577,34.15620734
Q13449,121.3959122,38.80089364
P21246,268.8708817,52.9544889
Q9Y3E0,213.7711026,83.38840894
Q86X76,260.9774756,33.00064971
Q86YZ3,255.2382652,40.2788004
U3KQM1,183.4763471,51.92764295
O95363,181.4504137,81.53272113
A0A087WVS8,112.5752828,51.14170667
F6SFZ6,70.82203425,30.91954271
Q92831,370.0856468,21.53601162
A0A0J9YYI4,163.8084801,38.12188243
C9J0J6,166.9178554,71.96820865
Q6SA08,411.4952442,13.69641412
H0YLH9,96.68348601,44.75019166
A0A1B0GVG4,194.1132583,72.21693755
Q96QA5,185.4279697,70.5174801
M0R3C2,125.143909,59.93422669
Q9UL42,102.8671107,38.6636665
A0A087WSY3,123.5885257,10.82095772
A0A2I3JL00,210.560057,101.6898119
K7EK91,282.2855305,47.78348125
Q9H1I8,205.9524036,79.27945652
Q9P2E9,35.09535398,176.7527466
P02545,42.09059333,147.9455541
P78527,60.59533462,137.5519018
P11021,54.81919179,112.0757159
Q07065,50.06173556,148.7664457
P16615,53.39162542,188.6191885
P14625,35.40074688,77.6988523
P52272,59.77529633,160.1504987
P12956,49.80461099,137.2774834
P21980,58.53880667,123.4149969
A0A1W2PQ51,60.99017336,179.4137805
Q00839,69.66623337,158.5262112
Q16891,66.46398191,143.4038223
P27824,33.82812589,206.283566
O75643,64.65828763,143.8153806
P04843,73.0152286,161.1967936
P19338,40.20448601,268.3439766
Q03252,57.4778485,168.5493687
C9J406,31.23667496,140.3553062
O43390,54.2102194,201.7045181
Q12906,53.51720143,194.9614654
A0A087WTT1,70.3962917,149.9019903
Q53EP0,67.96704663,149.696744
P62424,91.5900761,243.7269223
P22626,48.35035409,178.9526601
P20700,72.2162454,182.0294255
P36578,45.33217878,226.1017274
B4DY08,33.40418037,236.3653913
P09874,65.98272116,253.9244498
Q13423,67.25216657,164.8661439
Q10471,56.81568631,128.5838756
O00571,48.19519916,143.5015473
O60506,70.9,153.5037091
P11387,36.15423909,235.5450792
P18124,57.92150532,192.8245753
P63244,35.73947335,82.76910207
Q9Y5M8,49.29671449,163.0650795
Q9HD20,59.49697332,139.4529053
A8MXP9,61.70936833,165.8512649
Q96AG4,24.18343411,207.306482
P46977,60.59533462,170.7913981
Q9BSJ8,70.3962917,147.4490602
P04844,38.84847299,144.1026556
F8W6I7,69.16955814,176.5151033
Q9Y6N5,53.51720143,127.8128529
P05141,29.31603346,205.1716227
P14866,55.70845149,185.5969377
Q15233,59.97160976,191.8808261
Q16666,41.40232757,179.5862715
P38159,51.53450184,226.7047108
Q02880,83.83075012,180.7866025
Q15393,58.10618244,136.4670911
Q9NR30,62.27789962,221.1038519
Q13310,39.45016642,171.0889726
Q14103,42.33112748,184.6411689
P06748,20.5631165,209.5662957
P62701,46.56025693,160.6518076
P10412,10.84832353,411.6665683
P20042,57.14461439,154.3441811
P62906,51.18207251,140.6895165
Q562R1,22.17848086,88.40587022
Q9Y6M1,65.98272116,172.6550567
P16402,67.63814275,297.2961701
P39019,35.92586886,239.3156742
P21796,52.87957066,199.1342725
Q9HCE1,69.01498954,153.7279853
P62805,81.76031404,230.2914648
O15523,46.12434857,183.075694
Q02878,66.6087888,186.4994935
P39023,43.17774165,201.4243387
P00387,52.09666156,174.8316327
P13010,46.99639566,151.0924004
P16403,10.64691129,427.0022149
O76021,46.56025693,208.2671327
B4DXZ6,70.9,159.2841954
Q14690,64.65828763,168.7829016
P51991,74.99690144,151.0924004
P40227,40.40572051,104.8516592
P15880,52.99926982,196.6172823
Q15424,61.55312114,184.4775887
O94826,52.50923727,154.7820662
Q9NVI7,68.82511637,176.3038224
O95831,50.23301758,146.5552552
E9PPJ0,52.50923727,172.3244147
Q53GQ0,72.32021058,172.6550567
Q9BTV4,80.79380426,165.5734039
H3BRG4,72.59434389,167.6537772
A0A0A0MR02,75.52680639,200.366593
O75746,58.45,145.287692
P13073,59.58461405,169.9295388
H0Y5F5,34.03293711,166.5229341
P62750,80.76666667,201.9016247
Q16706,59.07689896,131.3001089
P21964,43.02230129,217.3298522
Q14683,73.19928034,159.1379578
O76094,71.08281547,149.3423821
O00425,84.35399013,177.2093445
P05388,38.51210378,189.0009039
H0Y449,61.26666667,162.7642179
Q9Y2W1,56.24195399,143.0421356
P39656,36.51788653,177.3767941
P05455,49.29671449,105.7942548
P46783,64.25338822,142.1807436
O00567,79.58239099,159.7346754
O95202,51.79558017,165.5734039
Q5QPL9,73.43145285,190.3790498
O95816,50.54727381,134.9119169
O00116,48.5821304,135.7608257
Q8NBJ5,43.28993936,93.57438999
O75489,59.97160976,157.5440858
P16401,49.60835251,345.047268
P46087,63.72268203,189.4120914
O60841,60.99017336,137.1444588
Q9Y2X3,63.28784375,196.0257051
A0A0R4J2G3,75.52680639,241.6414239
B4DY09,40.55236433,193.0868597
P62241,72.2162454,193.8620305
O75947,42.94618049,158.3599997
P26373,23.15653311,169.9295388
Q9UJS0,35.54426958,179.5862715
D6RBZ0,39.20302908,182.3592572
B4DR61,44.61306303,170.7913981
P40429,42.09059333,213.1205907
Q9HDC9,61.26666667,173.3124832
O94874,54.3459384,122.7232006
Q8N257,76.29346684,322.1962774
P83731,48.19519916,203.7651282
P32969,44.87031138,189.5631379
O96008,66.93496776,151.7416667
Q13724,59.97160976,147.0980439
P61313,42.20280696,211.4300544
Q92804,42.44713629,234.3556274
Q6NUQ4,61.86269711,170.5697907
A0A2Q2TH77,49.49256649,149.0396235
P05387,22.41168546,210.3149136
O14979,46.47452259,198.8560005
P35232,51.67020047,191.8808261
O43493,55.11120938,173.0671864
Q9H0A0,72.59434389,149.9019903
M0R3D6,72.87235722,163.7259899
Q9BZE4,71.80594001,161.655488
P11388,74.48112175,327.4755055
Q9Y277,48.19519916,177.6476395
P35637,45.63811272,286.8484024
A0A2R8Y849,78.2849587,210.9947289
Q9Y4W6,62.18595914,146.5552552
Q96JJ7,42.75215633,187.0728762
Q86UE4,63.87239764,141.8981096
O75367,75.34963622,184.6411689
O75477,73.74435737,150.7205905
P46063,53.97808961,114.2333333
Q96A33,70.76343825,157.5440858
O15269,62.55198932,181.2464689
P62280,44.61306303,169.2781208
Q08945,45.45971293,310.7552117
Q9NW13,65.65896024,175.7980274
Q13242,76.69218333,156.4385127
P30050,65.54291851,180.5459815
P08621,41.05147129,182.0294255
A6NLN1,50.77867315,183.3640205
Q3ZCM7,7.614317193,120.1015988
A0A1B0GVU9,40.64798364,359.1653884
Q15717,64.88593468,162.135459
P19525,41.54408205,153.0383281
D6RBQ9,21.28781097,205.8342837
O60832,73.08641088,154.87559
C9JRZ6,57.8062998,167.9951427
Q9NX62,55.85,238.7574183
P52926,17.194289,262.5678281
P07099,69.45,168.2668921
Q8TCT9,66.37771377,157.3946285
P09429,53.77918412,146.5552552
F5GYQ1,62.27789962,140.3553062
P27695,65.98272116,132.035848
O75390,29.14840763,62.33444407
P55145,46.22995089,109.2923066
B4DLN1,46.99639566,147.1482272
A0A024R4M0,48.19519916,209.5662957
K7EJE1,34.7611275,199.623368
Q14165,54.3459384,167.2057449
P62277,36.40070423,226.7047108
M0R210,61.55312114,154.2366305
O75475,48.5821304,265.8708496
P27635,38.16859291,202.5808743
Q9NP72,51.67020047,187.984768
P24539,59.16862745,147.6700919
H0YKD8,68.06458762,146.5552552
Q8TCJ2,54.91686151,203.1709194
Q16795,50.92799992,194.9614654
P50402,57.4778485,129.8131882
Q13185,58.85163513,119.0992221
A0A087WUC6,57.23951634,156.2764409
O60264,60.99017336,169.5363054
P50914,45.98794281,221.5654547
Q9P0I2,47.21674628,185.3143907
K7ELC7,59.25120797,213.4785049
P46776,73.59581145,151.957252
P20674,24.69470088,248.2303375
O15173,28.98307583,143.6925079
Q10472,64.88593468,137.1444588
A0A0A0MSK5,57.37878725,180.1611309
P35659,47.57221258,274.1427208
Q8TC12,43.34048224,169.9295388
Q9Y5S1,100.081493,233.273699
Q9Y2H6,71.17306552,148.2980964
P30048,38.84847299,86.73023716
P84098,59.68255817,165.5734039
Q15397,53.28317222,255.2237068
Q9Y3B3,43.64476236,146.2787664
P62244,31.52614493,229.0460719
P18859,53.28317222,188.2977309
P62851,16.60374659,300.0178222
O75306,78.85605129,169.031014
P84090,46.80735872,163.5667334
Q5VVC8,43.64476236,152.5595458
P47813,27.32847643,132.5268344
P25205,54.91686151,115.6135208
Q9BZE1,63.56777986,136.838007
B0QYK0,22.41168546,58.69969939
E9PHI4,68.06458762,178.7916637
G5E972,74.20071852,185.3143907
P17096,45.53925821,272.6134031
Q92520,63.72268203,142.259147
Q9GZR7,65.33040719,168.2668921
Q8IXB1,55.02847385,139.2760831
P49207,31.8540822,224.8249821
Q99442,58.45,174.8316327
A0A0A0MRM9,64.25338822,150.4141204
P60866,43.92058763,149.696744
P31942,22.8508667,211.9716532
O00461,44.61306303,176.5151033
P62269,67.37835647,152.1047964
O96000,60.99017336,170.4022409
J3KQ48,28.37388323,134.1472257
P24534,47.57221258,96.83829405
Q9Y3U8,69.45,231.116746
Q96S66,56.24195399,177.6476395
Q15363,41.76863873,162.4381346
Q6NUK1,46.80735872,183.075694
P21912,49.29671449,146.8740892
Q16698,46.80735872,116.4748713
Q9BYG3,49.49256649,254.5839236
Q9BQ39,82.30998833,218.1343812
P51571,59.38676326,187.8226726
P47985,55.85,177.6476395
Q00059,58.45,152.1975434
M0R026,60.41521493,150.2964722
O00217,60.30893886,179.4137805
O00264,60.7247909,147.315668
Q9UNX3,52.99926982,231.6616386
Q9NUQ6,53.28317222,225.1227402
P62081,51.34483414,175.0906528
Q96PK6,64.36602364,136.6321165
J3KQN4,37.72422603,140.4619681
Q02539,48.0323939,354.849612
P18031,50.86654805,122.7746359
P63173,47.10831155,165.5734039
O43172,24.42041591,152.4559263
Q9BVK6,38.96678344,162.7642179
E9PKZ0,57.4778485,186.8706658
P10620,24.56097515,169.6663734
Q7L7L0,53.51720143,318.5477008
Q02978,32.87039014,164.74787
G3XAC6,61.55312114,144.1026556
Q9UKD2,66.2527762,168.7829016
E9PB61,94.46836304,190.957554
Q15050,65.77051796,176.6571858
Q9BYD2,56.49606918,155.9081962
Q9UMS4,40.78335282,159.4500644
Q12981,55.11120938,176.150093
Q9H3N1,47.36787831,171.755665
Q9Y6B6,45.53925821,117.414303
Q96S52,37.04702194,131.1299449
Q9P015,36.25720481,199.1342725
Q8WXX5,57.37878725,322.1962774
Q8NI27,61.26666667,143.7615852
P18077,56.16324742,169.6663734
P84157,42.94618049,150.7205905
Q8IXT5,57.6317844,191.3815043
Q8WXF1,66.6087888,156.5038284
Q68CQ7,65.65896024,141.7222627
Q9Y4W2,68.48937133,142.0773416
Q96HS1,71.08281547,153.8391038
G3V203,60.59533462,148.7664457
O14656,59.84908349,143.2706786
P51608,72.93333333,147.9455541
H0Y368,49.80461099,181.2464689
Q03701,62.55198932,168.5493687
A0A0A0MRW6,68.69215599,165.258869
Q99848,53.77918412,141.3911752
Q9NQ55,40.91022327,269.9642455
Q9Y3Z3,56.38340108,158.9642774
P37108,58.10618244,195.527567
Q9Y3D7,48.69440582,204.6763294
P20645,54.3459384,167.7539212
Q96DZ1,63.87239764,131.7500705
Q9P035,75.26666667,166.3149427
Q5JTH9,68.48937133,151.4939724
E9PHI6,47.77383698,102.9130043
O95139,50.86654805,182.0294255
Q8TCS8,50.39089107,110.441597
O43818,56.95363192,190.957554
P49406,30.42382767,119.2779242
Q9NQ29,16.25351931,132.6105779
Q13247,41.05147129,189.8843846
Q9H6U8,54.51130756,149.5396205
Q8N2K0,52.50923727,161.3351512
P08729,84.02701007,193.0868597
O15347,60.86583087,219.0386289
P82650,73.43145285,152.6978494
Q71UM5,41.54408205,123.9435547
Q96M27,45.33217878,123.5684865
P18754,21.02362781,62.54080459
Q00765,56.95363192,145.4847556
P17568,58.96330707,198.2802351
P62899,36.62818399,180.1611309
O43920,59.68255817,174.8316327
P35249,61.14191412,127.3033068
Q969Q0,48.0323939,182.7833792
O75381,42.75215633,156.0875462
Q13405,48.0323939,155.9081962
D3YTB1,28.98307583,260.9191158
P33992,71.69459571,167.4982521
O95140,62.27789962,155.4877053
Q9Y2C4,63.50949281,212.5239752
P49458,32.0267862,251.7102721
Q9Y224,52.69143614,136.6321165
P82675,67.51496246,141.7222627
F8VU90,47.85962324,157.071096
O15260,46.47452259,166.98291
P42025,32.0267862,78.54741838
A0A0A0MQX8,48.8389119,102.5453506
Q8IUH4,56.7207562,136.6321165
Q86XP3,62.8300708,134.9119169
K7ER00,38.51210378,91.73442286
P09012,22.04586413,206.7567219
Q86VP1,86.74974976,207.306482
Q10469,70.98333333,150.8957887
O95169,39.91185215,160.3920202
Q99575,48.98772443,118.5924943
O14925,69.16955814,207.9931449
P09234,54.91686151,148.4690499
O43678,65.54291851,137.9544901
Q52LJ0,53.77918412,131.5263642
Q92522,64.36602364,252.3325253
O95299,27.89844966,246.4863604
Q9Y320,28.52189376,164.565385
S4R3Q9,87.80186652,193.6657249
Q06787,54.13712173,132.16794
O00483,24.76455613,245.8192743
Q9UNX4,61.55312114,172.6550567
Q9NX14,51.46605069,162.135459
Q9NVT9,54.67273889,121.1135755
P55769,30.725564,137.3812141
Q16739,80.19733985,161.1022861
P46778,31.94404953,227.8535101
Q8N0U8,19.63247486,136.3509704
E7ET15,69.33273686,140.6895165
K7EMH1,62.8300708,166.5229341
Q14728,43.48875002,196.6172823
H0Y5K5,43.48875002,163.0650795
O75964,45.78333333,175.0906528
Q9NZ01,20.66035268,251.2691311
Q9Y5S9,49.11170051,150.8957887
A0A087X260,51.34483414,111.7843719
A0A0C4DFL7,71.62720887,194.3391439
A0A0C4DGB1,39.20302908,208.8598248
Q86TM6,70.76343825,146.1005767
Q86Y39,32.25629179,197.4799334
O94923,60.41521493,127.661356
Q14197,46.99639566,121.4131268
F8W7Q4,56.09697234,141.8981096
Q9BQ67,72.46869772,150.2000801
O95168,44.87031138,137.5519018
Q9P0M6,79.20810663,159.6481403
Q13610,70.28302959,145.6965308
Q9NRG9,38.38967211,277.5250497
Q8IWA0,51.34483414,172.1411157
Q9UH62,31.68503193,161.1022861
A0A087X2D0,61.14191412,225.7567274
Q9NX20,58.96330707,140.5687506
P07919,53.12488566,138.2760903
P29084,69.76004043,155.9081962
Q3ZCQ8,66.93496776,144.9133965
G3V5V3,64.80349383,142.6534075
Q9NS69,17.69254771,242.9718227
P62854,45.78333333,153.5037091
Q7L2H7,33.06239245,81.68460548
Q9Y5A9,62.43348387,138.3697244
O00505,56.38340108,118.9986921
Q9P2W9,66.6087888,139.2760831
O75400,63.10810736,134.7594846
O14647,68.82511637,160.3920202
C9JA28,13.38554118,215.84198
Q9BYD3,65.00135846,132.7202126
P56182,77.56666667,169.9295388
O00400,39.56956087,171.755665
Q9Y3B7,62.64560929,151.0924004
P51398,69.76004043,141.9767772
P52292,50.72619429,150.7205905
P14854,77.56666667,189.0009039
Q9BVP2,44.24446602,162.7642179
Q8IYS2,69.33273686,155.9081962
P14927,34.54207125,186.8706658
Q5HYI8,52.99926982,139.5549601
A0A0U1RRK1,71.76448733,146.5552552
O96011,14.67253488,166.98291
Q9Y512,73.46807415,148.6197433
O15118,66.81666667,145.7561727
O43809,50.39089107,132.2489527
O14949,72.08056569,158.2427642
Q13563,37.88225333,216.623559
Q9BRJ6,70.61053788,162.4381346
Q96EY1,66.13572877,136.838007
P05114,76.8226959,194.5343013
P20290,38.16859291,105.3242847
O95674,53.28317222,128.967659
C9JYQ9,54.3459384,159.8287923
P48651,26.89465169,197.143761
Q9Y6K5,75.71633381,171.5064369
A0A1X7SBS4,60.52315304,202.3327686
Q9Y5V3,6.708897005,153.2996202
Q7RTV0,47.57221258,136.127522
Q9Y3B4,41.05147129,192.5090167
Q9NTI5,63.72268203,166.0629162
A0A0G2JJD3,32.25629179,122.9310966
Q8NF37,49.80461099,195.224425
Q9NPA0,68.82511637,191.8808261
Q15269,60.99017336,166.0629162
O95205,15.51055875,105.913506
K7ERC8,68.23533608,140.7910118
Q9NRP0,17.87854514,242.9718227
A0A0A0MQV6,25.35782138,203.7651282
Q92572,49.29671449,114.5626528
Q9NX24,62.10630059,149.1000458
O60507,51.18207251,136.2600973
P16220,38.72097382,201.0441096
P08651,70.3962917,189.3529256
G3V4T2,27.60271971,202.8059102
Q86WV6,65.33040719,173.9552135
Q9NUQ7,45.63811272,146.1005767
Q3SXM5,85.93097706,236.3653913
Q86SF2,56.49606918,143.1875757
Q6P1M0,70.98333333,144.6346224
Q9NUI1,34.24592465,95.08171239
Q13823,45.98794281,138.099817
P51970,46.99639566,177.0976841
Q16186,39.6581932,85.16666667
Q9P2X0,39.91185215,141.2965694
Q92688,41.76863873,91.50454588
Q9NXE4,67.58937738,135.4362151
Q7Z7H5,42.33112748,196.3016102
Q13243,64.65828763,213.4785049
H0YEH2,44.61306303,153.8391038
O75531,39.6581932,289.1133357
E9PPH5,28.61515134,70.19884518
Q13505,53.97808961,143.6925079
E9PNM1,24.56097515,138.5110517
O00479,27.32847643,247.5429592
K7EMM8,40.20448601,207.6754924
Q9BQ61,43.92058763,148.0546471
H7C2T5,9.00426764,309.3223607
P01772,12.00154037,27.23579391
O95104,66.37771377,140.8933067
O95298,61.20028911,146.2787664
P47914,19.18945643,223.8867814
O75915,56.38340108,204.2265945
J9JIE6,59.77529633,210.3149136
Q9H0U3,18.93069594,237.4732089
P42766,45.33217878,258.8786347
Q9Y6C9,21.53100747,185.7329663
O75494,62.70203428,225.2973169
G3V583,47.21674628,153.0383281
Q15061,50.86654805,171.0889726
A0A024R216,25.96981318,179.1425211
P82912,34.7611275,214.1301536
Q9NWB6,63.72268203,142.1807436
Q6ZRP7,70.68333333,150.4141204
Q16647,50.72619429,132.4344385
H0YG20,65.25290599,138.5110517
P45973,34.7611275,282.5267612
Q9NUM4,51.67020047,121.9131901
B1ALA9,39.91185215,91.31473728
P05204,16.60374659,370.2358532
Q9BUR5,22.11527386,189.8843846
Q92947,20.76498781,60.50508743
Q13123,45.45971293,144.2525383
Q96EY7,25.83322251,137.8400892
P61927,35.09535398,283.8344971
Q99470,37.40170993,106.1137231
P07305,14.39140663,390.1265881
P46100,66.1729359,132.3836679
Q9BYD1,49.92821263,138.5110517
P57105,19.39527996,45.64171342
Q9HC07,42.33112748,186.2451306
P78346,63.18384895,142.4118959
Q9HD33,36.40070423,174.8316327
Q6ZNB6,67.25216657,136.0039337
Q9Y394,59.49697332,163.2887748
Q8WVX9,53.51720143,276.0933909
D6W5A2,34.54207125,80.39285601
Q9H2U1,59.25120797,129.5492441
Q9P2C4,44.24446602,144.5560898
Q8IZ81,58.10618244,128.5838756
Q13547,20.40703853,154.7820662
Q15388,41.40232757,203.7651282
Q3KQU3,48.35035409,152.9065846
Q9P291,25.53005245,153.1553857
Q96AQ8,56.49606918,130.808444
O43837,22.41168546,73.19415466
Q01081,50.06173556,205.1716227
Q14739,77.56666667,187.5712723
Q15904,47.10831155,127.423356
P26583,45.98794281,242.9718227
Q9UDW1,65.11574088,135.8938459
O75179,58.65392857,153.5037091
E9PF49,49.11170051,194.2229517
Q8WVM0,14.7973465,182.7833792
D6W5Y5,35.40074688,281.0112803
Q5JXX2,59.38676326,140.4619681
P24928,59.25120797,137.9544901
Q9BSC4,73.74435737,183.7690241
P56381,22.77916212,98.08493707
Q8WVV9,27.89844966,155.1563982
P15954,36.25720481,193.3922264
X6R631,24.18343411,120.8838028
O14662,58.96330707,149.1903848
O75380,47.85962324,127.3033068
Q9ULG6,52.28843676,154.0923067
Q8NI22,57.8062998,150.2964722
Q92922,56.38340108,117.5176546
Q8N5M9,18.09202938,121.2252441
H0YMJ0,39.56956087,184.3197166
Q8N4V1,37.72422603,200.7357086
P30536,21.53100747,161.4632891
Q8WWX9,32.0267862,83.50440191
Q9NX00,62.18595914,126.5516455
Q15629,52.09666156,148.1820641
P00403,65.11574088,139.9541935
A0A0A0MR51,56.16324742,173.9552135
J3KRZ8,59.25120797,129.9961583
A0A087WXL0,33.27358085,78.06666667
Q96I36,24.88622671,189.5631379
Q7Z3B4,51.53450184,122.1325905
B7Z5R6,80.19733985,244.1606317
Q9BRX8,69.22076715,219.781146
Q8IUE6,14.55349213,250.8691266
Q13795,75.11913187,151.0924004
J3KPT4,69.5779343,158.8161087
Q13595,92.40268889,198.2802351
P53597,26.50333,83.31697654
P17535,74.48112175,150.8957887
G3V533,61.40914639,140.1243728
Q9H4A6,60.41521493,124.4116364
Q99459,41.05147129,128.1216199
O00291,31.23667496,65.98420793
A0A087WXD1,58.10618244,150.1087786
Q9GZT6,66.65,159.0595219
P56385,29.57828643,229.0460719
A2IDC6,15.33177163,215.202461
Q9H061,54.67273889,152.6978494
E9PIN7,67.63814275,161.655488
Q9H0J9,60.86583087,146.9963911
Q86U38,71.37597454,149.4498709
H7BZW6,69.16955814,154.5568152
P19532,62.96698814,164.565385
P62861,15.69928594,295.3687598
Q9BXJ8,19.63247486,269.2214709
A0A0A0MQZ6,25.35782138,223.3558492
Q9BQQ3,37.88225333,178.622629
Q9Y5Q0,75.18826043,158.8161087
P60468,55.11120938,183.3640205
Q9BXY0,47.77383698,135.2814605
Q9H490,28.10473481,145.4847556
Q9BVG9,28.73545459,155.6856342
P62273,30.42382767,244.8997568
E5RH51,41.29500451,185.3143907
Q9BSF4,56.81568631,143.2706786
P62304,36.80604696,106.7720449
O14967,73.19928034,249.8430304
Q9BYN8,56.01378821,130.808444
A0A024RAC6,71.9462709,150.5596538
O15228,52.28843676,173.9552135
P24390,9.983621084,239.6849681
Q9H7Z7,25.53005245,127.8128529
Q8N3U4,50.66087111,142.4118959
Q9Y5J1,63.97766528,190.3790498
A6ND22,52.09666156,151.7416667
P19447,83.13145825,191.3815043
C9J719,29.46402502,184.8800766
P57088,52.38818047,154.0237961
A0A0C4DGS0,6.708897005,161.1022861
D6RAN8,7.895813701,287.8504627
O60725,64.80349383,181.2464689
Q9H7B2,40.20448601,205.8342837
Q49B96,30.61657068,110.5900239
A0A0D9SGH0,67.58937738,147.2157295
Q6PK18,58.85163513,122.0583333
P25490,75.9748621,178.3660845
Q96C01,23.80624271,80.68333333
Q9HAU5,58.85163513,125.218155
P15407,49.49256649,258.8786347
Q9H2D1,46.56025693,156.4385127
O75691,63.18384895,217.3298522
I3L0R8,55.36495323,151.0924004
E9PI99,12.1807473,102.2671804
Q29RF7,54.2102194,164.3980429
P56378,69.45,159.6481403
K7ESG5,31.52614493,77.770645
A0A2R8YGH5,49.19488377,111.55
H0Y4V9,26.89465169,103.3820986
Q8NBM4,54.81919179,117.1990519
A0A087WU02,54.3459384,148.1820641
A0A0A0MRS4,68.91698066,147.315668
Q6UWP7,59.49697332,211.9716532
Q99595,37.40170993,232.7761364
P41214,23.45109025,122.7232006
O60337,55.58708501,115.1968888
O60831,58.10618244,143.5988381
Q96RD7,85.05197887,190.1497798
O14523,78.85605129,161.981383
O60287,48.19519916,138.7846518
P61964,63.18384895,129.8131882
Q96I25,67.51496246,140.1243728
Q6P3W7,30.96134348,107.1464328
O14561,29.21917285,138.9831391
Q16678,93.16138289,263.2705203
Q99943,48.8389119,121.7611242
Q5T0V2,28.10473481,125.1221731
Q92575,62.8300708,145.4847556
Q9NRA2,43.17774165,132.9567418
H7C0G1,34.54207125,229.0460719
P20585,60.59533462,128.7330716
Q8NC60,38.63703184,180.5459815
Q8WYA6,26.50333,129.5492441
P52298,28.61515134,133.6198654
P29728,73.9,232.238977
Q9NYV4,15.10494083,220.5192269
H0YL22,80.08262801,167.4982521
Q14410,16.36614408,152.026824
D6RIY6,31.4035946,139.2760831
F8W681,32.48406868,154.9945039
Q14249,78.38388076,163.0650795
E9PPI7,18.6686231,283.8344971
O95167,79.71406143,159.9583663
P07225,11.76315702,25.0245894
H0Y650,48.0323939,107.25
E9PAV9,51.91563358,183.7690241
A0A1W2PNR9,13.87340803,218.7162313
Q8N5K1,61.70936833,193.3922264
E9PCW1,29.78976585,152.820158
A0A0C4DFS6,55.58708501,130.485955
P62314,54.3459384,133.1666667
Q5QJE6,58.10618244,160.1504987
A0A0A0MRJ3,27.05153608,100.3958532
Q96EL3,18.6686231,153.92961
Q9HC52,27.72209481,302.4093877
Q14746,46.80735872,112.5018674
K7EM09,58.53880667,204.2265945
Q5T760,64.25338822,132.5268344
Q8IY21,96.54657206,240.1140916
Q6P1L8,44.09386776,128.8307467
Q8TF68,29.97416379,181.2464689
Q8IYB8,51.18207251,110.3109349
Q4TT34,60.30893886,125.1221731
Q8IUR7,25.20102504,85.7
O14548,66.72290526,206.7567219
O15234,49.80461099,210.3149136
Q9NRX2,24.42041591,139.2760831
Q5VYS8,29.31603346,128.4241577
Q6P1A2,58.2210492,158.8161087
Q6Y1H2,7.242465466,220.5192269
A0A087WWG9,39.20302908,119.4582855
Q9H7E9,53.97808961,151.4939724
A0A075B6I1,5.275731319,21.48107322
F8W8H5,44.87031138,134.4538384
D6RC14,57.5229637,127.0152601
Q15554,26.74811755,144.452014
P16260,61.14191412,181.7350187
Q9BV81,48.69440582,144.2525383
V9GYN2,60.13879122,178.1420493
Q86VY4,80.9617879,164.3980429
Q8N2H4,45.78333333,130.9837135
H3BQQ2,13.63256071,98.43807719
Q3LIE7,49.11170051,121.4131268
P03928,13.75149478,230.2914648
Q9Y217,53.77918412,112.1830957
Q01850,24.03713046,92.37396692
A0A087X0M4,30.24257858,101.6898119
Q7L8L6,15.87033696,84.14818631
Q7L0J3,78.75354248,175.7980274
Q8IXM6,44.24446602,200.366593
Q8IXM3,48.8389119,202.1039448
A0A087X2D5,39.35863151,120.5578746
Q68CP9,69.79760553,177.2093445
F8WCH9,24.42041591,104.8160062
P00156,52.09666156,163.5667334
O43159,66.81666667,143.5988381
P46013,47.36787831,151.8708843
Q8NEJ9,62.8300708,173.0671864
H3BP08,77.77722791,172.0574319
O43299,17.05191025,103.8803045
Q9BX59,18.93069594,175.4274951
Q92784,29.78976585,178.1420493
Q5W111,52.28843676,167.0812248
Q8N8R3,75.18826043,150.4141204
Q12899,31.7566393,147.4490602
O14521,17.45574558,267.34484
P85037,59.58461405,161.1967936
H3BQV3,30.96134348,82.12088174
Q9UDY8,41.05147129,91.5584293
B7Z3R2,30.79684987,175.2135385
Q9BVK8,61.86269711,135.7608257
Q9P013,42.09059333,97.00753433
O15120,71.37597454,190.957554
Q9P0S9,61.55312114,154.2366305
Q92917,15.99986104,117.5741403
E9PC61,54.81919179,143.4038223
Q9NPE3,45.63811272,166.2432315
Q8ND56,64.88593468,140.8933067
I3L1I3,54.81919179,130.7071725
Q8TBP5,53.12488566,142.6534075
Q9NWT1,54.2102194,347.0710748
Q6ZWT7,22.8508667,139.5549601
Q96EL2,36.62818399,109.8345237
E9PRZ9,28.98307583,68.63655777
B5MC59,51.67020047,122.8600908
Q9BXX3,35.92586886,116.0166667
Q8NBU5,67.63814275,159.8287923
Q9Y241,12.00154037,194.0993615
Q96EH3,23.80624271,90.43375388
F8WF16,51.05811874,162.135459
Q9P2K3,50.23301758,128.967659
Q5BJF2,30.61657068,265.1801753
Q9BXK1,68.38349144,161.8539415
E9PIQ7,18.2543476,82.71657908
Q9Y5T4,14.39140663,40.42108939
O95503,45.63811272,233.273699
Q9UFW8,46.22995089,187.5712723
S4R386,18.44576848,121.7968237
F8VRE8,48.5821304,195.527567
Q68CR1,33.06239245,141.448383
Q8WUY1,17.9899954,290.6380856
Q9H5K3,8.748457477,126.0866797
H0YJJ8,40.71491692,93.68933882
Q7Z7H8,26.27526613,175.7980274
Q9NSQ0,27.05153608,133.3890444
J3QL56,56.95363192,128.967659
J3QRE4,55.11120938,163.7259899
Q17RB0,36.03005598,100.1766184
Q15291,59.97160976,146.9963911
Q9UER7,69.45,162.7642179
Q5TBP9,26.50333,137.1444588
F8W8T7,61.70936833,165.258869
Q9NYH9,50.66087111,134.5890259
Q8IWV7,35.20976378,82.71657908
Q9BVC4,20.13149375,124.1919981
H0YDQ1,58.7341712,154.5568152
H0YCV3,58.65392857,156.5856408
Q9NP66,47.21674628,272.6134031
Q9H2K0,32.77155033,171.2969067
O75794,46.22995089,132.3358861
A4FU01,62.55198932,160.3920202
A0A140TA86,12.0894616,212.8757251
Q9ULT8,19.39527996,48.48857767
Q16656,22.63547016,171.9489801
P59826,76.29346684,158.2427642
Q32NC0,47.57221258,256.7318308
Q96L50,110.8166667,298.2519507
Q9P0U1,62.27789962,165.8512649
Q8TCD1,38.16859291,192.8245753
L0R6Q1,35.20976378,169.031014
Q6NUQ1,55.36495323,119.0533628
Q12872,51.91563358,187.2267114
P43155,35.73947335,106.1137231
E9PKE9,37.40170993,158.1682397
Q9BXT8,13.2898076,293.3408523
Q96S44,42.44713629,114.0619923
Q9NUL7,77.77722791,164.8661439
F2Z3A6,56.24195399,163.4718473
Q9NUD5,59.25120797,194.5343013
Q6PI48,37.40170993,129.2667837
Q9BZX2,31.23667496,83.50440191
Q86VD1,110.2669616,270.8329591
Q8WVT3,56.01378821,124.4116364
A0A2R8Y5N3,37.40170993,260.9191158
P54284,27.1604142,317.023457
O14874,52.87957066,156.8335649
E7EWB4,92.68466452,315.6746196
